[
 {
  "datain": {
   "alternatives": "Empanadas Pescado",
   "func": "distintas",
   "plan": "( Pollo Pollo Vegetales Pizza Pastas Pastas Hamburguesas )"
  },
  "output": {
   "plan": "( Pollo Empanadas Vegetales Pizza Pastas Pescado Hamburguesas )",
   "retval": true
  },
  "ucase": 0
 },
 {
  "datain": {
   "alternatives": "Empanadas Pescado",
   "func": "distinta_inicial",
   "plan": "( Pollo Pollo Vegetales Pizza Pastas Pastas Hamburguesas )"
  },
  "output": {
   "plan": "",
   "retval": false
  },
  "ucase": 1
 },
 {
  "datain": {
   "alternatives": "Spagetti Noquis",
   "func": "distinta_cant_letras",
   "plan": "( Ensalada Tacos Empanadas Tacos Frutas Noquis Pescado ) ( Pescado Tarta Milanesas Hamburguesas Arroz Asado Omelette ) ( Ravioles Polenta Albondigas Ravioles Tacos Pizza Pizza )"
  },
  "output": {
   "plan": "",
   "retval": false
  },
  "ucase": 2
 },
 {
  "datain": {
   "alternatives": "Polenta Ravioles",
   "func": "distintas",
   "plan": "( Tarta Noquis Pescado Ensalada Noquis Sandwiches Arroz ) ( Pizza Pollo Tallarines Ensalada Polenta Ensalada Frutas ) ( Polenta Pollo Pollo Pizza Ensalada Tacos Ravioles )"
  },
  "output": {
   "plan": "( Tarta Noquis Pescado Ensalada Noquis Sandwiches Arroz ) ( Pizza Pollo Tallarines Ensalada Polenta Ensalada Frutas ) ( Polenta Pollo Polenta Pizza Ensalada Tacos Ravioles )",
   "retval": true
  },
  "ucase": 3
 },
 {
  "datain": {
   "alternatives": "Milanesas Omelette",
   "func": "distinta_cant_letras",
   "plan": "( Arroz Omelette Albondigas Hamburguesas Empanadas Hamburguesas Sandwiches )"
  },
  "output": {
   "plan": "( Arroz Omelette Albondigas Hamburguesas Empanadas Hamburguesas Sandwiches )",
   "retval": true
  },
  "ucase": 4
 },
 {
  "datain": {
   "alternatives": "Milanesas",
   "func": "distintas",
   "plan": "( Polenta Sandwiches Milanesas Noquis Tallarines Omelette Arroz )"
  },
  "output": {
   "plan": "( Polenta Sandwiches Milanesas Noquis Tallarines Omelette Arroz )",
   "retval": true
  },
  "ucase": 5
 },
 {
  "datain": {
   "alternatives": "Empanadas",
   "func": "distinta_inicial",
   "plan": "( Arroz Omelette Tallarines Asado Frutas Milanesas Polenta ) ( Empanadas Tacos Pescado Ensalada Tallarines Pollo Albondigas )"
  },
  "output": {
   "plan": "( Arroz Omelette Tallarines Asado Frutas Milanesas Polenta ) ( Empanadas Tacos Pescado Ensalada Tallarines Pollo Albondigas )",
   "retval": true
  },
  "ucase": 6
 },
 {
  "datain": {
   "alternatives": "Frutas Tallarines",
   "func": "distinta_cant_letras",
   "plan": "( Tarta Hamburguesas Omelette Tarta Polenta Pizza Ravioles ) ( Noquis Tarta Pollo Sandwiches Asado Pescado Milanesas ) ( Arroz Ensalada Milanesas Tarta Tacos Noquis Ensalada )"
  },
  "output": {
    "plan":"( Tarta Hamburguesas Omelette Tarta Polenta Pizza Ravioles ) ( Noquis Tarta Frutas Sandwiches Asado Pescado Milanesas ) ( Arroz Ensalada Milanesas Tarta Tallarines Noquis Ensalada )",
    "retval":true
  },
  "ucase": 7
 },
 {
  "datain": {
   "alternatives": "",
   "func": "distinta_inicial",
   "plan": "( Omelette Pescado Tarta Pizza Frutas Tallarines Noquis )"
  },
  "output": {
   "plan": "( Omelette Pescado Tarta Pizza Frutas Tallarines Noquis )",
   "retval": true
  },
  "ucase": 8
 },
 {
  "datain": {
   "alternatives": "Omelette",
   "func": "distintas",
   "plan": "( Tacos Asado Albondigas Asado Polenta Polenta Arroz ) ( Tacos Pollo Noquis Pollo Ensalada Tarta Arroz ) ( Polenta Arroz Pizza Tallarines Arroz Hamburguesas Tallarines )"
  },
  "output": {
   "plan": "( Tacos Asado Albondigas Asado Polenta Omelette Arroz ) ( Tacos Pollo Noquis Pollo Ensalada Tarta Arroz ) ( Polenta Arroz Pizza Tallarines Arroz Hamburguesas Tallarines )",
   "retval": true
  },
  "ucase": 9
 },
 {
  "datain": {
   "alternatives": "Tacos Noquis",
   "func": "distintas",
   "plan": "( Ravioles Spagetti Tarta Milanesas Tarta Hamburguesas Noquis ) ( Polenta Arroz Empanadas Hamburguesas Polenta Ravioles Pescado )"
  },
  "output": {
   "plan": "( Ravioles Spagetti Tarta Milanesas Tarta Hamburguesas Noquis ) ( Polenta Arroz Empanadas Hamburguesas Polenta Ravioles Pescado )",
   "retval": true
  },
  "ucase": 10
 },
 {
  "datain": {
   "alternatives": "Albondigas",
   "func": "distinta_cant_letras",
   "plan": "( Polenta Asado Pizza Ensalada Omelette Asado Arroz ) ( Hamburguesas Pizza Spagetti Hamburguesas Hamburguesas Tarta Spagetti )"
  },
  "output": {
   "plan": "( Polenta Asado Albondigas Ensalada Pizza Omelette Arroz ) ( Hamburguesas Pizza Spagetti Hamburguesas Asado Hamburguesas Spagetti )",
   "retval": true
  },
  "ucase": 11
 },
 {
  "datain": {
   "alternatives": "Polenta Spagetti",
   "func": "distintas",
   "plan": "( Tarta Ensalada Hamburguesas Pizza Albondigas Spagetti Sandwiches ) ( Pizza Sandwiches Albondigas Hamburguesas Empanadas Noquis Tarta ) ( Hamburguesas Spagetti Ensalada Pizza Milanesas Ensalada Noquis )"
  },
  "output": {
   "plan": "( Tarta Ensalada Hamburguesas Pizza Albondigas Spagetti Sandwiches ) ( Pizza Sandwiches Albondigas Hamburguesas Empanadas Noquis Tarta ) ( Hamburguesas Spagetti Ensalada Pizza Milanesas Ensalada Noquis )",
   "retval": true
  },
  "ucase": 12
 },
 {
  "datain": {
   "alternatives": "Pizza Pollo",
   "func": "distinta_inicial",
   "plan": "( Asado Frutas Pescado Tacos Pizza Tacos Hamburguesas )"
  },
  "output": {
   "plan": "( Asado Frutas Pescado Tacos Pizza Tacos Hamburguesas )",
   "retval": true
  },
  "ucase": 13
 },
 {
  "datain": {
   "alternatives": "Albondigas Ensalada Frutas",
   "func": "distinta_inicial",
   "plan": "( Ensalada Omelette Albondigas Milanesas Tacos Milanesas Tarta ) ( Pizza Pescado Tallarines Albondigas Tallarines Spagetti Ensalada )"
  },
  "output": {
   "plan": "( Ensalada Omelette Albondigas Milanesas Tacos Milanesas Tarta ) ( Pizza Albondigas Tallarines Albondigas Tallarines Spagetti Ensalada )",
   "retval": true
  },
  "ucase": 14
 },
 {
  "datain": {
   "alternatives": "Ensalada Sandwiches",
   "func": "distinta_inicial",
   "plan": "( Arroz Hamburguesas Ensalada Empanadas Noquis Tallarines Frutas ) ( Noquis Sandwiches Tallarines Polenta Noquis Sandwiches Tarta )"
  },
  "output": {
   "plan": "( Arroz Hamburguesas Ensalada Sandwiches Noquis Tallarines Frutas ) ( Noquis Sandwiches Tallarines Polenta Noquis Sandwiches Tarta )",
   "retval": true
  },
  "ucase": 15
 },
 {
  "datain": {
   "alternatives": "Tallarines",
   "func": "distintas",
   "plan": "( Arroz Ravioles Tacos Ravioles Tacos Frutas Frutas ) ( Ravioles Sandwiches Noquis Tallarines Ensalada Noquis Pescado ) ( Albondigas Pizza Ensalada Omelette Polenta Tarta Albondigas )"
  },
  "output": {
   "plan": "( Arroz Ravioles Tacos Ravioles Tacos Frutas Tallarines ) ( Ravioles Sandwiches Noquis Tallarines Ensalada Noquis Pescado ) ( Albondigas Pizza Ensalada Omelette Polenta Tarta Albondigas )",
   "retval": true
  },
  "ucase": 16
 },
 {
  "datain": {
   "alternatives": "Spagetti Tarta",
   "func": "distintas",
   "plan": "( Tallarines Tarta Polenta Polenta Ensalada Pizza Milanesas ) ( Asado Pescado Tacos Empanadas Ravioles Omelette Frutas ) ( Polenta Ravioles Frutas Sandwiches Sandwiches Tacos Noquis )"
  },
  "output": {
   "plan": "( Tallarines Tarta Polenta Spagetti Ensalada Pizza Milanesas ) ( Asado Pescado Tacos Empanadas Ravioles Omelette Frutas ) ( Polenta Ravioles Frutas Sandwiches Polenta Tacos Noquis )",
   "retval": true
  },
  "ucase": 17
 },
 {
  "datain": {
   "alternatives": "Ensalada Pizza Ravioles",
   "func": "distinta_inicial",
   "plan": "( Pollo Pollo Asado Pescado Pescado Pollo Arroz ) ( Tarta Polenta Tacos Pollo Ensalada Frutas Ravioles )"
  },
  "output": {
   "plan": "( Pollo Ensalada Asado Pescado Ravioles Pollo Arroz ) ( Tarta Polenta Tacos Pollo Ensalada Frutas Ravioles )",
   "retval": true
  },
  "ucase": 18
 },
 {
  "datain": {
   "alternatives": "Asado Hamburguesas Sandwiches",
   "func": "distintas",
   "plan": "( Hamburguesas Pescado Tallarines Hamburguesas Ravioles Albondigas Hamburguesas ) ( Empanadas Empanadas Pescado Ravioles Tallarines Noquis Tarta )"
  },
  "output": {
   "plan": "( Hamburguesas Pescado Tallarines Hamburguesas Ravioles Albondigas Hamburguesas ) ( Empanadas Asado Pescado Ravioles Tallarines Noquis Tarta )",
   "retval": true
  },
  "ucase": 19
 },
 {
  "datain": {
   "alternatives": "",
   "func": "distinta_cant_letras",
   "plan": "( Pescado Empanadas Asado Milanesas Ravioles Empanadas Frutas ) ( Spagetti Omelette Milanesas Frutas Asado Polenta Pescado )"
  },
  "output": {
   "plan": "",
   "retval": false
  },
  "ucase": 20
 },
 {
  "datain": {
   "alternatives": "Albondigas Frutas Polenta",
   "func": "distinta_inicial",
   "plan": "( Tacos Spagetti Tacos Frutas Asado Omelette Tacos )"
  },
  "output": {
   "plan": "( Tacos Spagetti Tacos Frutas Asado Omelette Tacos )",
   "retval": true
  },
  "ucase": 21
 },
 {
  "datain": {
   "alternatives": "Milanesas Tacos",
   "func": "distinta_inicial",
   "plan": "( Polenta Pollo Frutas Pizza Albondigas Pizza Sandwiches ) ( Ensalada Albondigas Pizza Sandwiches Spagetti Ensalada Spagetti ) ( Pizza Sandwiches Albondigas Ensalada Tallarines Sandwiches Arroz )"
  },
  "output": {
   "plan": "( Polenta Milanesas Frutas Pizza Albondigas Pizza Sandwiches ) ( Ensalada Albondigas Pizza Sandwiches Pollo Ensalada Spagetti ) ( Pizza Sandwiches Albondigas Ensalada Tallarines Sandwiches Arroz )",
   "retval": true
  },
  "ucase": 22
 },
 {
  "datain": {
   "alternatives": "Tacos Tarta Noquis",
   "func": "distinta_inicial",
   "plan": "( Tacos Tarta Polenta Empanadas Sandwiches Pizza Milanesas ) ( Ensalada Tacos Tacos Polenta Frutas Asado Polenta )"
  },
  "output": {
   "plan": "",
   "retval": false
  },
  "ucase": 23
 },
 {
  "datain": {
   "alternatives": "",
   "func": "distintas",
   "plan": "( Albondigas Pescado Pizza Pescado Noquis Pescado Ravioles ) ( Albondigas Empanadas Albondigas Albondigas Ravioles Arroz Tallarines ) ( Pollo Milanesas Arroz Arroz Arroz Frutas Omelette )"
  },
  "output": {
   "plan": "",
   "retval": false
  },
  "ucase": 24
 },
 {
  "datain": {
   "alternatives": "",
   "func": "distinta_cant_letras",
   "plan": "( Ravioles Asado Hamburguesas Hamburguesas Omelette Spagetti Empanadas )"
  },
  "output": {
   "plan": "",
   "retval": false
  },
  "ucase": 25
 },
 {
  "datain": {
   "alternatives": "Milanesas Pollo Tacos",
   "func": "distinta_inicial",
   "plan": "( Tarta Albondigas Empanadas Arroz Albondigas Ensalada Ravioles )"
  },
  "output": {
   "plan": "( Tarta Albondigas Empanadas Arroz Milanesas Ensalada Ravioles )",
   "retval": true
  },
  "ucase": 26
 },
 {
  "datain": {
   "alternatives": "Omelette",
   "func": "distinta_cant_letras",
   "plan": "( Milanesas Sandwiches Polenta Empanadas Tarta Spagetti Spagetti )"
  },
  "output": {
   "plan": "",
   "retval": false
  },
  "ucase": 27
 },
 {
  "datain": {
   "alternatives": "",
   "func": "distinta_inicial",
   "plan": "( Pizza Empanadas Ravioles Albondigas Pescado Pollo Pollo ) ( Noquis Frutas Noquis Tacos Omelette Noquis Tarta ) ( Polenta Polenta Tacos Albondigas Ravioles Pescado Asado )"
  },
  "output": {
   "plan": "",
   "retval": false
  },
  "ucase": 28
 },
 {
  "datain": {
   "alternatives": "Omelette Ravioles Spagetti",
   "func": "distinta_cant_letras",
   "plan": "( Tallarines Pescado Spagetti Albondigas Pizza Tacos Pescado ) ( Tacos Pizza Noquis Frutas Pescado Tarta Pizza )"
  },
  "output": {
   "plan": "( Tallarines Pescado Spagetti Albondigas Pizza Omelette Pescado ) ( Tacos Ravioles Noquis Pizza Pescado Tarta Frutas )",
   "retval": true
  },
  "ucase": 29
 },
 {
  "datain": {
   "alternatives": "",
   "func": "distinta_inicial",
   "plan": "( Albondigas Tarta Ensalada Pizza Polenta Noquis Frutas ) ( Sandwiches Ravioles Spagetti Hamburguesas Asado Arroz Pizza ) ( Pescado Tacos Ravioles Asado Spagetti Frutas Polenta )"
  },
  "output": {
   "plan": "",
   "retval": false
  },
  "ucase": 30
 },
 {
  "datain": {
   "alternatives": "",
   "func": "distinta_cant_letras",
   "plan": "( Tallarines Noquis Albondigas Spagetti Albondigas Tacos Polenta ) ( Ensalada Ensalada Pizza Asado Polenta Frutas Pizza )"
  },
  "output": {
   "plan": "",
   "retval": false
  },
  "ucase": 31
 },
 {
  "datain": {
   "alternatives": "Pizza Tacos Tarta",
   "func": "distinta_cant_letras",
   "plan": "( Arroz Sandwiches Empanadas Albondigas Asado Polenta Asado )"
  },
  "output": {
   "plan": "( Arroz Sandwiches Empanadas Albondigas Asado Polenta Asado )",
   "retval": true
  },
  "ucase": 32
 },
 {
  "datain": {
   "alternatives": "Albondigas Hamburguesas",
   "func": "distintas",
   "plan": "( Asado Ensalada Milanesas Empanadas Albondigas Noquis Arroz ) ( Omelette Ensalada Albondigas Sandwiches Omelette Pizza Asado )"
  },
  "output": {
   "plan": "( Asado Ensalada Milanesas Empanadas Albondigas Noquis Arroz ) ( Omelette Ensalada Albondigas Sandwiches Omelette Pizza Asado )",
   "retval": true
  },
  "ucase": 33
 },
 {
  "datain": {
   "alternatives": "",
   "func": "distintas",
   "plan": "( Pescado Albondigas Spagetti Empanadas Asado Polenta Spagetti ) ( Frutas Hamburguesas Omelette Noquis Ravioles Empanadas Pescado ) ( Frutas Tarta Hamburguesas Sandwiches Arroz Frutas Pizza )"
  },
  "output": {
   "plan": "( Pescado Albondigas Spagetti Empanadas Asado Polenta Spagetti ) ( Frutas Hamburguesas Omelette Noquis Ravioles Empanadas Pescado ) ( Frutas Tarta Hamburguesas Sandwiches Arroz Frutas Pizza )",
   "retval": true
  },
  "ucase": 34
 },
 {
  "datain": {
   "alternatives": "",
   "func": "distintas",
   "plan": "( Tacos Pizza Milanesas Milanesas Polenta Pescado Arroz ) ( Milanesas Spagetti Tallarines Spagetti Arroz Ensalada Ravioles ) ( Sandwiches Polenta Pescado Pollo Polenta Tacos Omelette )"
  },
  "output": {
   "plan": "",
   "retval": false
  },
  "ucase": 35
 },
 {
  "datain": {
   "alternatives": "Ensalada Pizza Sandwiches",
   "func": "distinta_cant_letras",
   "plan": "( Ensalada Albondigas Omelette Tarta Empanadas Spagetti Empanadas )"
  },
  "output": {
   "plan": "( Ensalada Albondigas Omelette Tarta Empanadas Spagetti Empanadas )",
   "retval": true
  },
  "ucase": 36
 },
 {
  "datain": {
   "alternatives": "Empanadas Polenta Noquis",
   "func": "distinta_inicial",
   "plan": "( Milanesas Polenta Pollo Ensalada Ravioles Arroz Ensalada ) ( Asado Frutas Pollo Tacos Pescado Omelette Hamburguesas ) ( Pescado Empanadas Tarta Albondigas Noquis Arroz Tarta )"
  },
  "output": {
   "plan": "( Milanesas Polenta Empanadas Noquis Ravioles Arroz Ensalada ) ( Asado Frutas Pollo Tacos Pescado Omelette Hamburguesas ) ( Pescado Empanadas Tarta Albondigas Noquis Arroz Tarta )",
   "retval": true
  },
  "ucase": 37
 },
 {
  "datain": {
   "alternatives": "Albondigas Pescado",
   "func": "distintas",
   "plan": "( Empanadas Ravioles Tacos Milanesas Ravioles Tarta Tarta )"
  },
  "output": {
   "plan": "( Empanadas Ravioles Tacos Milanesas Ravioles Tarta Albondigas )",
   "retval": true
  },
  "ucase": 38
 },
 {
  "datain": {
   "alternatives": "",
   "func": "distinta_cant_letras",
   "plan": "( Sandwiches Spagetti Sandwiches Ravioles Empanadas Ensalada Asado ) ( Albondigas Omelette Pizza Empanadas Noquis Ravioles Tacos )"
  },
  "output": {
   "plan": "( Sandwiches Spagetti Sandwiches Ravioles Empanadas Ensalada Asado ) ( Albondigas Omelette Pizza Empanadas Noquis Ravioles Tacos )",
   "retval": true
  },
  "ucase": 39
 },
 {
  "datain": {
   "alternatives": "Milanesas",
   "func": "distintas",
   "plan": "( Spagetti Pollo Tallarines Empanadas Hamburguesas Pescado Ravioles ) ( Ensalada Sandwiches Milanesas Arroz Asado Milanesas Omelette )"
  },
  "output": {
   "plan": "( Spagetti Pollo Tallarines Empanadas Hamburguesas Pescado Ravioles ) ( Ensalada Sandwiches Milanesas Arroz Asado Milanesas Omelette )",
   "retval": true
  },
  "ucase": 40
 },
 {
  "datain": {
   "alternatives": "Tallarines",
   "func": "distintas",
   "plan": "( Albondigas Frutas Polenta Spagetti Tallarines Empanadas Asado ) ( Tacos Sandwiches Tarta Pescado Tacos Tarta Pizza )"
  },
  "output": {
   "plan": "( Albondigas Frutas Polenta Spagetti Tallarines Empanadas Asado ) ( Tacos Sandwiches Tarta Pescado Tacos Tarta Pizza )",
   "retval": true
  },
  "ucase": 41
 },
 {
  "datain": {
   "alternatives": "Albondigas Sandwiches Tacos",
   "func": "distinta_cant_letras",
   "plan": "( Pescado Spagetti Milanesas Milanesas Ensalada Asado Frutas ) ( Albondigas Tacos Arroz Pizza Tallarines Albondigas Asado )"
  },
  "output": {
   "plan": "( Pescado Spagetti Milanesas Albondigas Ensalada Asado Frutas ) ( Albondigas Tacos Milanesas Pizza Tallarines Arroz Albondigas )",
   "retval": true
  },
  "ucase": 42
 },
 {
  "datain": {
   "alternatives": "Albondigas Milanesas Pollo",
   "func": "distinta_cant_letras",
   "plan": "( Tallarines Pescado Arroz Tallarines Polenta Sandwiches Albondigas )"
  },
  "output": {
   "plan": "( Tallarines Pescado Arroz Tallarines Polenta Sandwiches Milanesas )",
   "retval": true
  },
  "ucase": 43
 },
 {
  "datain": {
   "alternatives": "Pescado",
   "func": "distintas",
   "plan": "( Noquis Ravioles Noquis Tacos Pescado Spagetti Tacos ) ( Ensalada Tarta Spagetti Omelette Ravioles Hamburguesas Empanadas )"
  },
  "output": {
   "plan": "( Noquis Ravioles Noquis Tacos Pescado Spagetti Tacos ) ( Ensalada Tarta Spagetti Omelette Ravioles Hamburguesas Empanadas )",
   "retval": true
  },
  "ucase": 44
 },
 {
  "datain": {
   "alternatives": "Pizza",
   "func": "distinta_cant_letras",
   "plan": "( Hamburguesas Albondigas Empanadas Hamburguesas Pescado Noquis Milanesas ) ( Tarta Tacos Arroz Milanesas Empanadas Empanadas Hamburguesas ) ( Pescado Albondigas Pescado Tacos Spagetti Noquis Pizza )"
  },
  "output": {
   "plan": "",
   "retval": false
  },
  "ucase": 45
 },
 {
  "datain": {
   "alternatives": "Pizza Pollo",
   "func": "distinta_inicial",
   "plan": "( Milanesas Asado Polenta Pescado Milanesas Ensalada Pizza )"
  },
  "output": {
   "plan": "",
   "retval": false
  },
  "ucase": 46
 },
 {
  "datain": {
   "alternatives": "Asado Pollo",
   "func": "distinta_cant_letras",
   "plan": "( Noquis Pescado Omelette Noquis Milanesas Sandwiches Albondigas )"
  },
  "output": {
   "plan": "( Noquis Pescado Omelette Noquis Milanesas Sandwiches Asado )",
   "retval": true
  },
  "ucase": 47
 },
 {
  "datain": {
   "alternatives": "Ensalada Pollo Noquis",
   "func": "distinta_inicial",
   "plan": "( Ensalada Frutas Pollo Polenta Arroz Tacos Pescado )"
  },
  "output": {
   "plan": "( Ensalada Frutas Pollo Ensalada Arroz Tacos Pescado )",
   "retval": true
  },
  "ucase": 48
 },
 {
  "datain": {
   "alternatives": "Pescado",
   "func": "distintas",
   "plan": "( Tacos Albondigas Asado Sandwiches Asado Sandwiches Pollo )"
  },
  "output": {
   "plan": "( Tacos Albondigas Asado Sandwiches Asado Sandwiches Pollo )",
   "retval": true
  },
  "ucase": 49
 },
 {
  "datain": {
   "alternatives": "Polenta Ravioles Spagetti",
   "func": "distintas",
   "plan": "( Sandwiches Pizza Noquis Asado Tacos Albondigas Omelette ) ( Polenta Tacos Tarta Pollo Frutas Pollo Noquis )"
  },
  "output": {
   "plan": "( Sandwiches Pizza Noquis Asado Tacos Albondigas Omelette ) ( Polenta Tacos Tarta Pollo Frutas Pollo Noquis )",
   "retval": true
  },
  "ucase": 50
 },
 {
  "datain": {
   "alternatives": "Arroz Ensalada Sandwiches",
   "func": "distinta_inicial",
   "plan": "( Polenta Pescado Ensalada Albondigas Tacos Tallarines Albondigas )"
  },
  "output": {
   "plan": "( Polenta Arroz Ensalada Albondigas Tacos Ensalada Albondigas )",
   "retval": true
  },
  "ucase": 51
 }
]
