[
 {
  "datain": {
   "T1": "( 0 (1 2) (3 4 5 6) )",
   "T2": "( 0 (2 4) (6 8 10 12) )",
   "func": "doble"
  },
  "output": {
   "retval": true
  },
  "ucase": 0
 },
 {
  "datain": {
   "T1": "( 0 (1 2) (3 4 5 6) )",
   "T2": "( 1 (2 3) (4 5 6 7) )",
   "func": "mas_uno"
  },
  "output": {
   "retval": true
  },
  "ucase": 1
 },
 {
  "datain": {
   "T1": "( 0 (1 2) (3 4 5 6) )",
   "T2": "( -1 (0 1) (2 3 4 5) )",
   "func": "menos_uno"
  },
  "output": {
   "retval": true
  },
  "ucase": 2
 },
 {
  "datain": {
   "T1": "( 0 (1 2) (3 4 5 6) )",
   "T2": "( 0 (-1 -2) (-3 -4 -5 -6) )",
   "func": "opuesto"
  },
  "output": {
   "retval": true
  },
  "ucase": 3
 },
 {
  "datain": {
   "T1": "( 0 (1 2) (3 4 5 6) )",
   "T2": "( 0 (2 4) (6 5 10 12) )",
   "func": "doble"
  },
  "output": {
   "retval": false
  },
  "ucase": 4
 },
 {
  "datain": {
   "T1": "( 0 (1 2) (3 4 5 6) )",
   "T2": "( 0 (2 4) 6 )",
   "func": "doble"
  },
  "output": {
   "retval": false
  },
  "ucase": 5
 },
 {
  "datain": {
   "T1": "( 0 (1 2) (3 4 5 6) )",
   "T2": "( 0 (2 4) (6 8 10) )",
   "func": "doble"
  },
  "output": {
   "retval": false
  },
  "ucase": 6
 },
 {
  "datain": {
   "T1": "( 0 (1 2) (3 4 5 6) )",
   "T2": "( 0 (2 4) (6 (8 9) 10 12) )",
   "func": "doble"
  },
  "output": {
   "retval": false
  },
  "ucase": 7
 },
 {
  "datain": {
   "T1": "( 0 (1 2) (3 4 5 6) )",
   "T2": "( 0 (2 4) (6 8 10 12) )",
   "func": "triple"
  },
  "output": {
   "retval": false
  },
  "ucase": 8
 },
 {
  "datain": {
   "T1": "( 0 (1 2) (3 4 5 6) )",
   "T2": "( 0 (2 4) (6 8 10 12) )",
   "func": "cuadrado"
  },
  "output": {
   "retval": false
  },
  "ucase": 9
 },
 {
  "datain": {
   "T1": "(23 (24 17 (14 (6 (7 23) 9 (23 19 (0 20 24 4) (5 8 10 17 12))) 15)) (4 (16 19 14 (19 18 7 (8 0)))))",
   "T2": "(22 (23 16 (13 (5 17 (6 22 (3 22 11)) (8 (15 9 23 9)) (22 18 (-1 19 23 3) (4 7 9 16 11))) 14 (23 (17 (19 4)) (22 13 (15 10 -1) (4 1) 3) (10 (12 21 3 18 10) -1 (17 18) (13 12 8)) (20 (11 10 4 2) 3)))) (11 (4 (3 (18 (10 16 1) (2 15) 23 (10 15 8)) 14) (21 13 (3 (3 -1 15 2)) (10 17)) (8 22 (1 (9 22 17 12) 1 (7 0 21 23)) (-1 (17 1 7) (19 0 15 23)) (1 (17 -1 17 11) (21 6 19 14 14))) 18) (1 (17 (20 (18 8 21 22) (17 21 7) 4) (14 12 (9 22 17 -1 11)) 15) (1 (3 (4 4) (17 19 17) (0 20 20)) 23 (2 (7 4 4 6))) 16 (12 (8 18) (2 (8 6 8 17) 11 (10 18 11)) 23))) (3 (15 (18 (22 (17 21 2 13) (12 10 12 10 10) (7 8 21 12))) (13 (23 (-1 17 8 0 8) 19 21 0)) (18 17 (6 (14 21 22 4)) (7 -1)))) (0 (13 (0 (2 (3 5 2 22)) (20 5 22 (2 12)) (19 (17 0 13 14)) (12 11 (14 5 16 1 13) (12 -1)))) 4 (5 (16 (23 (10 14 14 4) 1 (18 10)) (2 1 3 (1 -1 23 3 0) (3 -1 11 6 16)) 23) (18 (13 23 (-1 20) 16) (20 (11 11) (8 7 9 4 1) (20 1) 0) (17 (9 9 23 20)) (3 (5 16 16 15) (18 16 4 4 1) (13 22)))) (10 (11 (13 (11 6) (22 21 23 15 1) (11 12 13 11) (3 18 3 6)) (17 (18 16 9 17) (14 22 22 11)) 14 (0 10 4 (22 8 -1 21) (5 -1 2 12))))))",
   "func": "menos_uno"
  },
  "output": {
   "retval": false
  },
  "ucase": 10
 },
 {
  "datain": {
   "T1": "(0 (0 (5 (0 (15 0 19 19) 19 (17 9 12 13 17)) (13 (2 0)) (11 (18 22 15 19 18))) 24 7) (6 (1 (8 (20 6 11) (13 14 1 11 10)) (13 20) 10 (19 10 4 (13 17 22 20 15) (0 9 14 16))) 5 (11 (1 (15 8 16)) (24 16 (1 11)) 21 (22 (18 20 23) (8 18) 19)) (21 (23 (21 9 13 20 19) (14 8 22 2 11) (21 4 15 9)))) (6 14 (8 (12 (22 14 17 1 13) 12 (23 23 1 13) (7 8 4 14 19)) (16 (18 3 23) 5 (19 2 6 19 6) (6 15 17 5)) (4 19 (14 5) (21 10 4 9 4)) (12 (19 17 3) (12 23 11 20)))) (4 18 (23 (8 (23 23 10 17)) (3 (0 11 7) (12 1 0)) (16 (19 9 4 13 15))) (1 (9 18) 1 (2 (1 23 5 24 0) (5 2 2 2 22) (13 13 10 10) (4 5 17 21 0)) 7)))",
   "T2": "(-1 (-1 (4 (-1 (14 -1 18 18) 18) (12 (1 -1)) (10 (17 21 18 17))) 23 6) (5 (0 (12 19) 9 (18 9 (12 16 21 19 14) (-1 8 13 15))) 4 (10 (0 (14 7)) (23 0) 20 (21 (17 19 22) (7 17) 18)) (20 (22 (20 8 12 19 18) (13 7 21 1 10) (20 3 14 8)))) (5 13 (7 (11 (21 13 16 0 12) 11 (22 0 12) (6 7 3 13)) (15 (17 2) (18 1 5 18 5) (5 14 16 4)) (3 18 (13 4)) (11 (18 16 2)))))",
   "func": "menos_uno"
  },
  "output": {
   "retval": false
  },
  "ucase": 11
 },
 {
  "datain": {
   "T1": "(15 (16 7 (13 24 (10 (7 12 19) (5 20) (21 3)))))",
   "T2": "(16 (17 8 (14 (25 (9 24 18)) (11 7 (19 15 22) (16 5 10 12 17) (23 16)) (11 (8 13 20) (6 21 15) (22 4)))))",
   "func": "mas_uno"
  },
  "output": {
   "retval": false
  },
  "ucase": 12
 },
 {
  "datain": {
   "T1": "(17 (17 (6 (13 (23 12) (15 18 8) (17 16))) (0 (22 (10 10 11 11) (1 7 1) (2 13 24 18)) (21 (22 9 18 5) (20 18 19 22)))) 3 16)",
   "T2": "(-17 (-17 (-6 (-13 (-23 -12) (-15 -18 -8) (-17 -16))) (0 (-22 (-10 -10 -11 -11) (-1 -7 -1) (-2 -13 -24 -18)) (-21 (-22 -9 -18 -5) (-20 -18 -19 -22)))) -3 -16)",
   "func": "opuesto"
  },
  "output": {
   "retval": true
  },
  "ucase": 13
 },
 {
  "datain": {
   "T1": "(12 (8 2 (15 (0 20) (10 (9 4 18 5) (3 20)) (4 (7 6)) (14 (12 8 8 4))) 12) (0 (12 11 (9 (19 11 4) (10 13 21 11 7) (5 2)) (10 (24 20))) (1 (12 (14 24 9) (3 16 16 5 1)) (10 (5 3 6 5 23) 24) 3)) (13 (21 (1 (8 20 22) (1 5 7 16 6) (3 18 10 3 14)) 14) (8 (16 (18 16) (9 8 23 0))) (11 (7 (8 11 8 15 19) (24 1 17) 24 (24 22 9)) 19)))",
   "T2": "(24 (16 4 (30 (20 (18 8 36 10) (6 40)) (8 (14 12)) (28 (24 16 16 8))) 24) (0 (24 22 (18 (20 26 42 22 14)) (20 (48 40)))) (26 (16 (32 (18 46))) (22 (14 (16 22 16 30 38) (48 2 34) 48 (48 44 18)) 38)))",
   "func": "doble"
  },
  "output": {
   "retval": false
  },
  "ucase": 14
 },
 {
  "datain": {
   "T1": "(4 (8 (24 4 20) (12 (3 (16 (5 (24 12 13)) (1 15))) (12 (24 (15 (21 15)) (21 (0 1 12 2) (11 0) (17 12 21)))) (19 (8 (19 (11 9 0)) (2 (13 11 12 22)) (13 (15 5 9 9) (13 19 17) (24 0)))))) 24)",
   "T2": "(12 (24 (72 12 60) (36 (9 (48 (15 (72 36 39)) (3 45))) (36 (72 (45 (63 45)) (48 (9 39)) (63 (0 3 36 6) (33 0) (51 15 36 63)))) (57 (24 (57 (33 42 27 0 24)) (6 0 (39 33 36 66)) (39 (45 42 15 27 27) (39 12 57 51) (72 36 0)))))) 72)",
   "func": "triple"
  },
  "output": {
   "retval": false
  },
  "ucase": 15
 },
 {
  "datain": {
   "T1": "(11 (13 (17 (12 (17 7 15 19)) (9 (17 1 7 7 1) (12 5 11 7 17) (18 3 3 17))) 24 (22 (10 (21 9 17 21 23) (9 18 23) (10 6 6 19 17) (15 7))) (18 (19 (13 0 13 15 23)) (11 4 (24 3)) 0)) (2 0 (12 (12 (13 11) (10 0 14) 6) 24 (17 (21 20) (6 5 17) (10 19) (18 3)))))",
   "T2": "(10 (12 (16 (11 (16 6 14 18)) (8 (11 4 6 16))) 23 (21 (9 (20 8 16 20 22) (8 17 22) (9 5 18 16) (14 6))) (17 (18 (12 -1 12 14 22)) (10 3 (23 2)) -1)))",
   "func": "menos_uno"
  },
  "output": {
   "retval": false
  },
  "ucase": 16
 },
 {
  "datain": {
   "T1": "(1 (2 (9 (4 (13 13 4 6) 22 5) (9 (0 14 13)) (7 (21 19) (24 20 7 22) (14 0 20 15) (17 2 15 13 2))) (16 (22 (3 12 17 9) (22 8) (22 6) (3 23 2)) 9) (19 (5 (1 9) (22 8 24)))))",
   "T2": "(-1 (-2 (-9 (2134305802 (-13 -13 -4 -6) -22 -5) (-9 (0 -216285242 -13)) (-1829911964 (-21 -19) (-1223204313 -20 -7 -22) (-14 0 -20 2108559310) (-17 -2 -15 270559504 -2))) (550619246 (-22 (-3 -12 -945659923 -426845089) (-22 -8) (-22 -6) (-3 -23 -2)) -9) (-19 (-5 (-1 -9) (-22 -8 -24)))))",
   "func": "opuesto"
  },
  "output": {
   "retval": false
  },
  "ucase": 17
 },
 {
  "datain": {
   "T1": "(2 0 13 (24 (2 21 (12 (19 20 3 24 4) (19 19 1)) 13 (21 (13 14)))))",
   "T2": "(1 -1 12 (23 (1 20 (11 (18 2 23 3) (18 18 0)) 12 (20 (12 13)))))",
   "func": "menos_uno"
  },
  "output": {
   "retval": false
  },
  "ucase": 18
 },
 {
  "datain": {
   "T1": "(12 1 (6 7 (23 (13 (6 22 7) (20 5) (17 21 1 15 6)) (5 (9 5 11 19) (22 8 1)) (8 (11 17 13 22 3) (5 1 6) 5 (9 2 11 11))) (0 (12 (16 15 1 21 10) (2 6 13 8) (23 8 10)) (24 (1 24 13 15)))) (13 (1 (20 (17 19 2 2) (0 14 5 4) (20 20 5)) (11 (13 7) (19 23 8) (18 14) (15 9 20))) (19 (19 (24 18 9))) (16 (20 22) 0 (15 (10 11 16 7 21) 18) (5 (10 22 5 10 1)))))",
   "T2": "",
   "func": "triple"
  },
  "output": {
   "retval": false
  },
  "ucase": 19
 },
 {
  "datain": {
   "T1": "(24 (20 (3 (10 (12 11 7 10 13)) 15 (9 (21 20))) (5 (7 (5 18 2) 19) (14 (4 20 6) (10 10 8) (23 7) (10 9)))))",
   "T2": "(-24 (-20 (-3 (-10 (-12 -11 -7 -10 -13)) -15 (-9 (-21 -20))) (-5 (-7 (-5 -18 -2) -19) (-14 (-4 -20 -6) (-10 -10 -8) (-23 -7) (-10 -9)))))",
   "func": "opuesto"
  },
  "output": {
   "retval": true
  },
  "ucase": 20
 },
 {
  "datain": {
   "T1": "(0 (13 (22 (4 (13 24)) (17 (1 18 (4 (11 14 11 10))) (1 (9 (7 21) (24 6 18 17 10)) (14 (20 4) (20 11 3) 11) 23 (19 (20 15 13) 19 (11 23 4 17)))) (19 (15 (21 (2 17 21 18) 4)) (15 (14 (10 6) (11 16 6) (8 17)) (19 (8 23 0) (19 5 19 9) 16)) (2 23 (14 6 (1 1 24 1 12) (2 9 24 4 24))) (10 3 (15 (11 23 1 4) (8 20 12 14) (23 16) (12 16 12 12)) (0 19))))) 17 (0 (12 14) (24 (12 3 (1 12) 22 (22 (21 (22 6 21) (21 7 20 9 17)) (5 9 (17 11)) (14 1 (7 19) 6 (8 11 16)) (8 (6 17 6 0) (14 19 22 22) (6 9 22 1) (16 22 15)))) 1 (22 (12 (4 (23 24 0) (22 7) 3 (14 19)) (22 (18 20 10 22 8) (20 3 3 7)) (1 (11 10 17) 24 (21 3 11 17 4) (8 0 12 0)) (18 16 14 (23 7 21 7 19) (12 15 8))) 15 (3 (8 (22 15 15))))) (13 (11 (11 (20 19 17 (8 15) (17 21 10)) (3 (14 16 16 10 3) (16 23 21) (11 15 23 13)) (14 (21 21 7 0 24) (23 17 8 17 11) (2 13 3)) 1) (24 (3 (16 4 18 23 9) (10 8 10 0 1) (12 5)) (12 8 (2 8 0 8) (2 1)) 15) (16 21 (13 (2 6)) (9 (14 13) (22 15) (16 10)) (18 (3 7 8 15) (16 6 16 9)))) (9 7) (23 (16 13 (15 (22 7 13 11 3))) (13 (11 (0 2 20 18) (12 0 17) (23 2 2 14)) (16 (1 17 18 12 20) (18 5 8 20) (13 24 21) (15 22 5 17))) (14 (24 (21 23 1 22 18) (5 8 9 17) 24) (15 21 (19 24 2 24) (24 23)) (18 (22 22 13) (3 11 16 11) (2 14 24 9 18) (22 23 7)) (19 (21 20 20 13 19) (10 19 10) (15 15 20 3 12))) (8 4 (23 (0 18) (16 10 17)) (10 17 (12 20 23 21) (20 4) (10 20 18 3)))))))",
   "T2": "(0 (39 (66 (12 (39 72)) (51 (5 54 (12 (33 42 33 47))) (3 (27 (21 63) (86 20 54 51 30)) (42 (60 16) (60 33 9) 33) 69 (57 (60 52 39) 57 (33 69 12 53)))) (57 (45 (63 (6 51 63 54) 12)) (45 (42 (30 18) (33 48 18) (24 51)) (57 (24 69 0) (57 15 57 27) 48)) (6 69 (42 18 (3 3 104 5 36) (6 27 72 12 72))) (30 10 (51 (33 82 3 17) (24 60 36 42) (69 48) (36 48 36 36)) (0 57))))) 51 (0 (36 42) (109 (36 13 (4 36) 66 (88 (63 (66 18 63) (63 21 60 27 91)) (15 29 (60 33)) (42 4 (21 57) 18 (24 37 79)) (43 (18 51 18 0) (42 57 115 66) (18 27 66 3) (61 66 74)))) 3 (129 (36 (12 (115 72 0) (66 21) 14 (42 57)) (123 (54 60 30 66 24) (60 9 9 21)) (3 (33 30 51) 127 (81 9 33 76 12) (43 0 36 0)) (54 48 50 (69 21 63 21 67) (36 67 34))) 45 (9 (24 (66 45 45))))) (39 (33 (33 (60 57 51 (36 45) (51 63 30)) (9 (42 48 48 30 9) (74 69 63) (33 45 69 39)) (42 (63 63 21 0 140) (127 51 24 51 33) (12 39 9)) 3) (72 (9 (48 12 58 69 27) (30 24 30 0 3) (36 15)) (60 27 (6 24 0 24) (6 3)) 45) (72 124 (39 (6 18)) (27 (42 39) (66 45) (48 30)) (54 (9 21 24 45) (48 22 94 27)))) (27 21) (69 (48 39 (45 (66 21 39 33 9))) (39 (33 (0 6 60 72) (51 0 51) (93 10 10 42)) (48 (3 51 54 36 60) (54 15 24 61) (39 72 125) (87 66 23 51))) (70 (72 (63 69 3 66 54) (15 36 27 51) 72) (45 63 (57 72 8 72) (72 111)) (54 (66 66 39) (17 33 82 33) (6 42 72 27 54) (66 69 21)) (57 (85 60 60 39 57) (30 57 30) (45 45 95 9 36))) (24 12 (108 (0 54) (93 30 66)) (30 51 (36 60 69 63) (60 15) (30 60 54 9)))))))",
   "func": "triple"
  },
  "output": {
   "retval": false
  },
  "ucase": 21
 },
 {
  "datain": {
   "T1": "3",
   "T2": "4",
   "func": "mas_uno"
  },
  "output": {
   "retval": true
  },
  "ucase": 22
 },
 {
  "datain": {
   "T1": "(19 (20 (10 (17 (18 (12 (14 18) (22 4 15) 2)) (21 (13 (13 20))) (2 (17 (14 22 3))) (6 (22 (23 0) (12 10) 22 15) (22 22 2) (20 8 12 1 (21 5 5 6)))) 24)))",
   "T2": "(-19 (-20 (-10 (-17 (-18 (-12 (-14 -18) (-22 -20 -4 -15) -2)) (-21 (-13 (-13 -20) (-9 -21 -2))) (-2 -9 (-17 (-14 -22 -3) (-20 -15 0))) (-6 (-22 (-23 0) (-12 -10) (-22 -2 -19) -15) (-22 (-13 -4 -22 -22 -2) -22 -2) (-20 (-8 -20 -21) -12 -1 (-21 -5 -5 -6)))) -24)))",
   "func": "opuesto"
  },
  "output": {
   "retval": false
  },
  "ucase": 23
 },
 {
  "datain": {
   "T1": "(7 21 10)",
   "T2": "(-7 -21 -10)",
   "func": "opuesto"
  },
  "output": {
   "retval": true
  },
  "ucase": 24
 },
 {
  "datain": {
   "T1": "(5 (16 (11 (8 (9 9) 17 (23 5))) (5 (23 (16 23 16 21 9) (21 17))) 9 (7 (9 (9 7 10 23)) (7 4) (20 2 2 (4 6)))) 1)",
   "T2": "(6 (17 (12 (9 (10 10) 18 (24 6))) (6 (20 (18 10 16) (18 1) 10) (24 (17 24 17 22 10) (22 18))) 10 (8 (10 (10 8 11 9 24)) (8 5) (21 3 (3 23) (5 7)))) (2 (24 (16 (1 10 19)) (21 (23 8 11) (13 6 23 6)) 12)))",
   "func": "mas_uno"
  },
  "output": {
   "retval": false
  },
  "ucase": 25
 },
 {
  "datain": {
   "T1": "8",
   "T2": "",
   "func": "cuadrado"
  },
  "output": {
   "retval": false
  },
  "ucase": 26
 },
 {
  "datain": {
   "T1": "(10 (8 (17 (23 (15 (14 (17 17 23 15 10) 24 (12 8)) (4 (19 24))) 5 (23 (21 (5 1 9 14) (2 5 23) 5 (17 23 2)) (13 (3 22 13) (21 17 4 13 11) (18 16) 9))) 13 (6 (1 (17 (17 19) (12 9 19 18)) (18 (11 10 14 24 14)) (24 (17 16 2 22)) (21 1 (0 9 20 13) (15 5))) (17 (2 9 (7 5 11 23 17) (19 8) (3 0 14)) (12 (3 12 10) (2 21 1) (16 8 17) (18 21)) (5 0 (11 0 8 10 15) (20 19 15) (8 4 6))) (19 (13 (13 12) (3 2 20 0) (9 14 17 6 0)) (12 (8 8 18) (19 14 5 22)) (2 (20 14 9 10 4)))) 15) (4 (1 (7 19 (16 8 (0 6 7 21) (17 2 21)) (12 (7 8 4 2) (6 20) (9 0 17 13 21)) 14)) 23 5) (1 16) (3 (8 (5 (0 (0 11) (16 5 4 5 10) (14 11)) (9 (15 14 4 16 11) (1 0) (13 19 23 24 10)) (8 (13 10) (2 21 14)))) (15 2) (5 (18 15 (19 (12 5 4 22) (0 0 2 23 5)))) (15 1))) (23 (20 (13 12 (24 (7 4 16 (11 1 2) (4 0 4)))) 13 (14 (10 (6 15 (3 10 15 24 17) 5 (17 15 20)) (0 19 (20 19 8) (11 5 15)) (20 (7 17 2)) (16 (22 10 21) (3 8 12 10) (10 15 14 8 23))) (11 (9 (19 8 5 17 5) (14 17 17 6 11) (24 5 24 9 14) 5)) 18) (22 (0 11) (16 (1 (20 23 7 23) 8) (2 (6 9 8))) (19 (4 (16 23 23 9)) (14 (9 23 20)) (13 (0 8))))) (22 (24 (2 20) (22 5 (22 7) (3 23 3))) (13 3 (3 18 (9 (11 20 4) 17 (21 7 4))) (12 (12 (18 8 1 2 10)) 17 (3 (4 12 7 3 22) 4))))) (3 (4 (3 23 (23 (21 (12 20 6 24 15))) (21 (6 (23 9 17 9) (4 2 3 24)) 13 (8 (11 6 1 17) (5 1 4) (12 13) (9 2 6 6 5)))) (12 (19 (11 (1 2 0)) 20) (23 (0 (18 2 24) (17 5 1 2 24) (13 23 11)) 17) (4 (0 (22 3) (10 24) (6 16 14) (10 18 6 16 15))))) (18 8 (16 6 (5 (1 15 (20 19 11 8 16) (24 2) (10 1 12)) (6 (12 22 0 5 11)) (1 (12 8 19 6))) (4 (3 (17 19 0 12)) (7 (4 14) 18))) (5 13)) (2 (24 (10 (0 1 16) (9 (12 24 23) (23 0 14 8 8)) (14 (20 11) (1 12 21)) 11)) (22 8 (1 (23 (2 11 14 24 21) 11 10) (21 (7 4)) (5 (1 16 20 10 3))) (15 (16 (13 23 20 4)) 16 (12 2 (18 14 9 5) (1 22) (4 12 14 20 3)) (8 (18 4 11) (23 21) (12 5 12) (2 3)))) 13)) 17)",
   "T2": "(9 (7 (16 (22 (14 (13 (16 16 22 14 9) 23 (11 7)) (3 (18 23))) 4 (22 (20 (4 0 8 13) (1 4 22) 4 (16 22 1)) (12 (2 21 12) (20 16 3 12 10) (17 15) 8))) 12 (5 (0 (16 (16 18) (11 8 18 17)) (17 (10 9 13 23 13)) (23 (16 15 1 21)) (20 0 (-1 8 19 12) (14 4))) (16 (1 8 (6 4 10 22 16) (18 7) (2 -1 13)) (11 (2 11 9) (1 20 0) (15 7 16) (17 20)) (4 -1 (10 -1 7 9 14) (19 18 14) (7 3 5))) (18 (12 (12 11) (2 1 19 -1) (8 13 16 5 -1)) (11 (7 7 17) (18 13 4 21)) (1 (19 13 8 9 3)))) 14) (3 (0 (6 18 (15 7 (-1 5 6 20) (16 1 20)) (11 (6 7 3 1) (5 19) (8 -1 16 12 20)) 13)) 22 4) (0 15) (2 (7 (4 (-1 (-1 10) (15 4 3 4 9) (13 10)) (8 (14 13 3 15 10) (0 -1) (12 18 22 23 9)) (7 (12 9) (1 20 13)))) (14 1) (4 (17 14 (18 (11 4 3 21) (-1 -1 1 22 4)))) (14 0))) (22 (19 (12 11 (23 (6 3 15 (10 0 1) (3 -1 3)))) 12 (13 (9 (5 14 (2 9 14 23 16) 4 (16 14 19)) (-1 18 (19 18 7) (10 4 14)) (19 (6 16 1)) (15 (21 9 20) (2 7 11 9) (9 14 13 7 22))) (10 (8 (18 7 4 16 4) (13 16 16 5 10) (23 4 23 8 13) 4)) 17) (21 (-1 10) (15 (0 (19 22 6 22) 7) (1 (5 8 7))) (18 (3 (15 22 22 8)) (13 (8 22 19)) (12 (-1 7))))) (21 (23 (1 19) (21 4 (21 6) (2 22 2))) (12 2 (2 17 (8 (10 19 3) 16 (20 6 3))) (11 (11 (17 7 0 1 9)) 16 (2 (3 11 6 2 21) 3))))) (2 (3 (2 22 (22 (20 (11 19 5 23 14))) (20 (5 (22 8 16 8) (3 1 2 23)) 12 (7 (10 5 0 16) (4 0 3) (11 12) (8 1 5 5 4)))) (11 (18 (10 (0 1 -1)) 19) (22 (-1 (17 1 23) (16 4 0 1 23) (12 22 10)) 16) (3 (-1 (21 2) (9 23) (5 15 13) (9 17 5 15 14))))) (17 7 (15 5 (4 (0 14 (19 18 10 7 15) (23 1) (9 0 11)) (5 (11 21 -1 4 10)) (0 (11 7 18 5))) (3 (2 (16 18 -1 11)) (6 (3 13) 17))) (4 12)) (1 (23 (9 (-1 0 15) (8 (11 23 22) (22 -1 13 7 7)) (13 (19 10) (0 11 20)) 10)) (21 7 (0 (22 (1 10 13 23 20) 10 9) (20 (6 3)) (4 (0 15 19 9 2))) (14 (15 (12 22 19 3)) 15 (11 1 (17 13 8 4) (0 21) (3 11 13 19 2)) (7 (17 3 10) (22 20) (11 4 11) (1 2)))) 12)) 16)",
   "func": "menos_uno"
  },
  "output": {
   "retval": true
  },
  "ucase": 27
 },
 {
  "datain": {
   "T1": "(18 (6 (11 (15 (1 (5 (16 8 13 23 22) (17 19 17 4 15) (17 0) 12) (22 (17 3 3) 7))) (4 (20 (9 (4 18 23 11 5) (11 1 14 16 21) (2 0 2 23 13)) (1 17 (18 3 6 14 14) 24) 10 (6 (19 1 1 15 5) (16 5 11 1 24)))) 12) (20 (9 (10 (19 (21 11)) (22 (9 13 21 22 1)) (8 (11 13 1 20) (12 24) (20 13 9) (21 14))) (7 (4 (16 24 6 5 23) (7 1 19 14) (4 15 1 19 16)) (16 (19 8 0 4) (16 15 21 5 6) (19 22)))) (17 (17 (14 (14 2) (18 22 13 20 14) (23 2 13)) (1 (8 2) (2 20 5 5 5) (0 23 20) (21 14 17 13)) (6 13 (9 24 10 24 18)) (20 10 (0 4 17 23 11) (2 21) (20 0))) (0 5 (2 24 (13 18) (20 0 15 2)) (4 (11 15 0 5))) (14 14 (7 9))) (9 (10 (0 (19 5 14) (1 8)) (19 (2 17 12) (23 15 2 24) (5 9 14 18) (12 19 0))) (21 6 (24 23 (20 15) 11 14) (12 (6 16 16 23) (23 7 1 8) (5 13)))) (5 (2 (17 15 (12 11 23) (6 19 20 12 14)) (0 (10 15)) (3 (18 16 24 3 13) (6 13 11)) (20 (22 4) 1 (1 7) 11)) (16 (24 (14 12 7) (6 3 19 4) (19 3 2)) (3 (8 20 24) 20 (11 1 10) (11 19))) (16 19)))) (2 18) (2 (4 18 (4 (14 (7 (13 17 17 9 0))) (18 (1 (7 19 14 15) (6 23 5 5 17)) (22 (22 23) 16) 24 (23 (22 7 5 24 10) 11)) (1 6 (7 (23 17 5) (3 9 19) (19 17 12 18))))) (24 (10 15) (1 (23 12 (16 24 (22 1) (21 8 10 3) (9 11 10 20)))) 24) (24 4)) (23 (16 (19 (21 (11 (15 3) (9 22) (10 8) (23 15)) (22 (10 8 5)) 9 (13 20 (20 22 3 8 2))) (15 (13 (20 22 5 20 5) (3 20 24 2 1) (15 2) (14 11))))) 16))",
   "T2": "(17 (5 (19 (8 (9 (18 (20 10)) (21 (8 12 20 21 0)) (7 (10 0) (11 23) (19 8))) (6 (3 (15 23 5 22) (6 0 18) (3 18 15)) (15 (18 7 -1 3) (15 14 4 5) (18 21)))) (16 (16 (13 (13 1) (17 21 12 19 13) (22 1 12)) (0 (7 1) (1 19 4 4 4) (-1 22 19) (20 13 16 12)) (5 12 (8 23 9 23 17)) (19 (-1 3 16 22 10) (1 20) (19 -1))) (-1 4 (1 23 (12 17) (19 -1 14 1)) 3) (13 13 (6 8))) (8 (20 5 (23 22 (19 14) 10 13) (11 (5 15 22) (22 6 7)))) (4 (1 (16 (5 18 19 11 13)) (-1 9) (2 (17 15 2 12) (5 12 10)) (19 (21 3) 0 (0 6) 10)) (15 18)))) (1 17) (1 (3 17) (23 (9 14) (0 (22 11 (15 23 21 (20 7 9) (8 10 9 19)))) 23) (23 3)) (22 15))",
   "func": "menos_uno"
  },
  "output": {
   "retval": false
  },
  "ucase": 28
 },
 {
  "datain": {
   "T1": "(24 (7 (3 (15 (0 16 2 17 1) (9 8) (21 18 5 6 18))) (5 (19 (0 16) (18 15)) (12 23 (10 9) (1 15 3 3) 2)) 8))",
   "T2": "(72 (21 (9 (45 (0 48 6 51 3) (32 24) (63 54 30 18 90))) (29 (57 (0 48) (54 45)) (36 69 (30 29) (3 45 9 9) 6)) 24))",
   "func": "triple"
  },
  "output": {
   "retval": false
  },
  "ucase": 29
 },
 {
  "datain": {
   "T1": "(9 20 (3 (2 (11 (17 (15 4) (7 8 9 22 13) (2 22 19 9) (11 2)))) (1 (1 (2 (21 5 23) (16 2 8 8 7) (1 14 20) (9 3 6 21 19)) 10) (5 (16 6 (7 14) (10 18 2 5 15) (7 17)) (15 3)) (20 (14 (20 19 23 7)) 23) (4 (19 (12 22) (13 21 3)) (11 12 20 (21 17 12 23)) (24 (19 20 6) (21 7 11 14 5) (3 11 1) (15 18 22)) 20)) (11 (9 (15 (21 10) (8 5)))) 1) (19 15 2 7) (16 (13 (22 (23 (1 4 0 8 19) (18 18 21 0 11) (1 23 16 10) 13) (17 (23 9)) (16 (16 23 7))) (19 (11 (20 12 15 6)) 23 (14 (5 4 2 7))) 9) (12 (13 5 (10 (21 19 3)) (0 12 (16 21 11) (22 20 1 7)) (15 (21 11 16 1) (4 21 15 15) 6)) (10 8 (18 (12 10) (3 10 22 12) (0 4 15) (0 12)) 20 (2 (15 16 0) (21 22 5 23 24) 3 (13 9))))))",
   "T2": "(-9 -20 (-3 (-2 (-11 (-17 (-15 -4) (-7 -8 -9 -22 -13) (-2 -22 -19 -9) (-11 -2)))) (-1 (-1 (-2 (-21 -5 -23) (-16 -2 -8 -8 -7) (-1 -14 -20) (-9 -3 -6 -21 -19)) -10) (-5 (-16 -6 (-7 -14) (-10 -18 -2 -5 -15) (-7 -17)) (-15 -3)) (-20 (-14 (-20 -19 -23 -7)) -23) (-4 (-19 (-12 -22) (-13 -21 -3)) (-11 -12 -20 (-21 -17 -12 -23)) (-24 (-19 -20 -6) (-21 -7 -11 -14 -5) (-3 -11 -1) (-15 -18 -22)) -20)) (-11 (-9 (-15 (-21 -10) (-8 -5)))) -1) (-19 -15 -2 -7) (-16 (-13 (-22 (-23 (-1 -4 0 -8 -19) (-18 -18 -21 0 -11) (-1 -23 -16 -10) -13) (-17 (-23 -9)) (-16 (-16 -23 -7))) (-19 (-11 (-20 -12 -15 -6)) -23 (-14 (-5 -4 -2 -7))) -9) (-12 (-13 -5 (-10 (-21 -19 -3)) (0 -12 (-16 -21 -11) (-22 -20 -1 -7)) (-15 (-21 -11 -16 -1) (-4 -21 -15 -15) -6)) (-10 -8 (-18 (-12 -10) (-3 -10 -22 -12) (0 -4 -15) (0 -12)) -20 (-2 (-15 -16 0) (-21 -22 -5 -23 -24) -3 (-13 -9))))))",
   "func": "opuesto"
  },
  "output": {
   "retval": true
  },
  "ucase": 30
 },
 {
  "datain": {
   "T1": "7",
   "T2": "49",
   "func": "cuadrado"
  },
  "output": {
   "retval": true
  },
  "ucase": 31
 },
 {
  "datain": {
   "T1": "21",
   "T2": "63",
   "func": "triple"
  },
  "output": {
   "retval": true
  },
  "ucase": 32
 },
 {
  "datain": {
   "T1": "(2 (19 (4 (16 (14 8 5 23 17) (22 14 21 16 23)) (4 (15 1 15 10 4) (0 8) (17 23 24 16) (19 14 22 21 8)) (5 (21 24 23) (0 17 21) (18 3 4) (15 14))) 13 (20 (17 (8 6))) (21 (10 (5 12 17) (2 16 2 5 13) (23 1 17) (23 8 6 20)) 12)) 14)",
   "T2": "(1 (18 (3 (15 (13 7 4 22 16) (21 13 20 15 22)) (3 (14 0 14 9 3) (-1 7) (16 22 23 15) (18 13 21 20 7)) (4 (20 23 22) (-1 16 20) (17 2 3) (14 13))) 12 (19 (16 (7 5))) (20 (9 (4 11 16) (1 15 1 4 12) (22 0 16) (22 7 5 19)) 11)) 13)",
   "func": "menos_uno"
  },
  "output": {
   "retval": true
  },
  "ucase": 33
 },
 {
  "datain": {
   "T1": "(7 (3 12 (11 (18 (8 (2 (17 21 6 5) (0 0 21 4))) (16 (14 (5 5 4)) (4 (10 3 1 20) (23 15) (13 4 4) (14 9 1 14)) (17 (8 12 22 1 9))) 3 6))) (15 (23 23 21 8 (2 4 (0 (14 (9 23 23 9)) (13 (4 18 21 4) (15 2) 8 (23 12))) (4 (16 8 5)) (24 (23 (2 23 10 22) 11) (23 (19 5))))) (1 (7 (0 (9 (4 17 23 0 18)) (0 (14 6 10 9 6) 8)) (4 8 15 (13 (24 19 5 8) 19 (17 12 18)) (10 (23 18 20) (10 7) (7 22) 18)) (1 8 (4 (0 10 8 0) (0 18 20)) (12 (3 9 0 0 24) (18 0 16)))) (23 (15 18) (3 (14 20 (13 17 23) (5 2 15) (18 17)) 22)) 22)) (12 13))",
   "T2": "(21 (9 36 (33 12 (54 (24 (6 (51 63 18 15) (0 0 63 12))) (48 (42 (15 15 12)) (12 (30 9 3 60) (69 45) (39 36 12 12) (42 27 3 42)) (51 (24 36 66 3 27))) 9 18))) (45 (69 69 63 24 (6 12 (0 (42 (27 69 69 27 3)) (39 (12 54 63 12) (45 6 54) 24 (69 36))) (12 (48 24 15)) (72 (69 (6 69 30 66) (33 63 33)) (69 (57 15 30 39))))) (3 (21 (0 (12 (12 36 9) (24 3) 57) (27 (12 51 69 0 54)) (0 (42 18 30 27 18) 24)) (12 24 (45 (63 0)) (39 (72 57 15 24) (36 6 51 42) 57 (51 36 54)) (30 (69 54 60) (30 21) (21 66) 54)) (3 24 (12 (0 66 30 24 0) (54 42 51) (0 54 60)) (36 (9 27 0 0 72) 36 (54 48 48 15 63) (54 0 48)))) (69 (12 (45 (0 51 45 69) (60 27))) (45 54) (9 (42 60 (39 51 69) (15 6 45) (54 51)) 36 66) (72 (51 60 (12 12 0 9) (57 15 42)) 30 (60 (3 18 3)) (51 (21 27) 66))) 66)) (36 39))",
   "func": "triple"
  },
  "output": {
   "retval": false
  },
  "ucase": 34
 },
 {
  "datain": {
   "T1": "16",
   "T2": "48",
   "func": "triple"
  },
  "output": {
   "retval": true
  },
  "ucase": 35
 },
 {
  "datain": {
   "T1": "(14 (17 (23 8 (16 (0 7 22 0) (7 3) (12 16)) (4 (24 20 1 15 7)) (4 24 (20 11 14 2) (2 12 12 21) (11 2 14))) (0 (18 23)) (24 (7 (13 8) (6 9 15 3 12) (14 15)) (0 2 (13 21 1)) (18 (9 3 22 3 0)) 11)))",
   "T2": "(48 (34 (46 16 (59 (0 14 44 0) (14 6) (24 32)) (15 (48 40 2 30 14)) (8 48 (40 22 28 4) (4 24 24 45) (43 4 28))) (0 (36 46)) (64 (18 (26 16) (12 18 30 6 24) (28 30)) (0 5 (26 42 2)) (36 (18 8 44 6 0)) 22)))",
   "func": "doble"
  },
  "output": {
   "retval": false
  },
  "ucase": 36
 },
 {
  "datain": {
   "T1": "(18 (19 (14 19) (4 (3 7 (9 4 12)) (13 13 (10 12 0)) (18 24 (12 16 16 20 5) (12 1 13 10)) (20 (23 14) (11 12 18 21) 22))) (5 (18 (3 (4 6 23 9 11) (13 24 8) (14 24)) (18 (13 1 20 1 24) (6 11 11 2)) (20 (21 18 9 7)) (2 (0 16))) (0 (3 15 (6 4 1) (19 23) 0) (6 (17 4 24)) (13 (21 15 8 6 1))) (3 (13 (13 13) (4 9 19)) 16) 21))",
   "T2": "(324 (361 (196 361) (16 (9 55 (81 16 144)) (169 170 (100 144 0)) (626 576 (194 256 256 400 25) (144 1 169 100)) (400 (823 196) (121 144 324 441) 484))) (25 (324 (9 (16 36 529 81 121) (251 576 64) (375 576)) (324 (203 1 400 1 1002) (36 121 121 4)) (400 (441 324 81 49)) (4 (0 256))) (0 (9 225 (36 16 1) (361 529) 0) (66 (289 18 576)) (334 (441 416 64 36 1))) (9 (221 (169 169) (16 81 361)) 256) 481))",
   "func": "cuadrado"
  },
  "output": {
   "retval": false
  },
  "ucase": 37
 },
 {
  "datain": {
   "T1": "(6 (21 (19 23 (20 2) (24 (19 1 (18 10 11)) 8)) 19 (17 (23 (15 24 (21 1 1 5) 2) (10 (17 23) (16 18 0 15 14) (10 1 18 5 5)) 3) (12 (1 (6 4 15 4 22) (22 0 7 7 1) (12 4 18 17 7)) (20 (8 10 2 23 5) (10 8 22 13)) (10 6 (13 8 12 17 5))))))",
   "T2": "(5 (20 18 (16 (22 (14 23 (20 0 0 4) 1) (9 (16 22) (15 14)) 2) (11 (19 (7 9 22 4) (9 7 21 12)) (9 5 (12 7 16 4))))))",
   "func": "menos_uno"
  },
  "output": {
   "retval": false
  },
  "ucase": 38
 },
 {
  "datain": {
   "T1": "(17 (12 (19 (19 (5 8 17 10 5) (14 9) (12 17) (3 12 15 8 14)) (0 (19 0 22) (22 22) (8 14 20 16 24) (19 22 8 9))) (11 (13 (4 7 20 22) (1 21) 11) (24 (14 10 20) (7 7)) 10) (0 (22 (7 5 6)) 10 (8 (16 22 0) 12 (15 20) (22 21)))) (8 (20 (4 (2 9)) (5 (21 23 24) (10 5) 9 (13 16)) (6 (5 18) 4 (3 14 24 17 18))) (7 (15 (21 18 0 11 7) (3 5 18) 1 15) 7) (5 (13 (9 16 20) 19 (17 0 11 22) (23 16 19 9 18)) (15 10) (3 (18 1 23 2)) (5 (8 1) (5 6 6 14 23)))) (0 17 1))",
   "T2": "(51 (36 (57 (89 (15 24 63 30 15) (42 42) (36 51) (9 68 45 24 42)) (0 (57 0 66) (66 66) (24 42 60 48 120) (57 113 24 27))) (33 (39 (18 21 60 105) (3 112) 33) (72 (80 30 60) (21 33)) 30) (0 (66 (21 15 18)) 30 (24 (48 66 0) 36 (45 60) (66 67)))) (24 (60 (12 (6 34)) (15 (63 69 72) (30 18) 27 (39 78)) (18 (15 54) 12 (9 42 72 51 54))) (21 (45 (63 54 0 33 31) (9 15 54) 3 45) 21) (15 (39 (27 48 60) 57 (51 0 51 124) (102 67 57 41 54)) (73 30) (9 (54 3 69 12)) (15 (28 3) (15 18 18 42 69)))) (0 51 3))",
   "func": "triple"
  },
  "output": {
   "retval": false
  },
  "ucase": 39
 },
 {
  "datain": {
   "T1": "(15 (22 (7 7 (21 (5 (17 (0 2 12 23 15) 16 (14 22 19) (4 11 21 24)) (12 (24 11 12) 18 (5 10)))))) (0 (3 (6 (0 (6 (12 23) (21 5) (9 1 3) (17 2 17 16 21)) (2 15 (6 9) (23 12 21 8)) (12 (24 17 15 9) 21 6 (0 4 18 19)) (11 5)) (0 (24 (17 10 1) (21 16 12 13) 23) (8 23 (3 19 4 14) (18 12)) (15 (3 20) (5 1 11) (24 16)) 7) (19 (2 (24 6)) (4 5) (21 (18 24 22 6) (5 8 6) (8 1 11)) 17) (4 (13 (14 22 3 19) (12 5 10 22) (16 21 4 22) (5 4 22 11 4)) 1 (4 (13 20)) (21 (18 4) (18 21 10 8 16)))) (19 (21 16 (24 (8 9))) (2 (18 (11 0) 5) (9 (16 15) (6 7 0 1 17)) (23 (1 16 14) (3 9 3 23) (2 2 17 8)) (12 (20 16 10 8 3) (7 22 2 14 21) (5 14))) (10 (24 (4 4))) 14) (23 (17 (8 (14 24 23))) (21 (23 (5 13) (15 10 3 14 4) (20 0 15)) (15 (8 22 4) (0 23 3) (3 14 8) (12 22 3 12))) 14 9)) (13 (2 (15 (23 (4 0 16 0 22)) (18 (9 19 8) (18 20 12 20 6)) (11 0)) (14 (17 (6 20 4)) (17 (17 0) (9 22 23 13 0) (11 3 1 23 0) 3) (5 (20 17 4 21 3)) (2 9 (1 10 10 14))) (5 (4 (13 16 23 9 9) (5 9) (2 4 10 5)))) 23) (12 (19 (12 (18 (3 1 6 9) (9 2 12 2 18) (15 15) (23 9)) (12 (15 7 9 1 17) (1 21 6 22 16) (16 17 17 11) (5 4)) 3) (5 13)) (0 (2 (13 15) (6 (1 20 20 6 12)))) (22 (6 (15 1 (14 7 10 13 20) (15 18 2)) (5 (14 13) (17 1 18) (24 2 24 1 23) 10) (14 23)) (21 (20 (7 5 19) 5 (7 15 19)) (20 (9 20) (16 6) (3 12 23 0 15)))) (8 (16 (7 (16 4) (24 6 3 15 7)) 18 (0 (18 11) 11 0 22)))) 3) (21 (15 (19 (20 (20 (7 1) (20 12 17)) (24 (12 20 18 7)))) (21 (10 (0 (16 6 15 12 14) (13 19 0 16)) (15 (1 1 3 10 18) (3 20 22))) (4 (10 (16 24)) (17 (8 13 7 3 7) (21 16 23 8) 14)) (8 22) (8 (22 (21 11 12) (23 20 15 9 0)) (22 (14 2 0 11 19) (22 12 15)) 10 (9 (3 18) (21 22 18 8 21))))) (17 (1 (23 (5 (3 2) 4 (16 15) (10 2)) (0 (17 5 12) (23 0 6 23 18) (4 4 21 1 2)) (14 (15 2 7 19) (23 9) (16 18 9 1 2)) (8 (15 1 0 7))) (16 (16 (19 17 7 1) (2 19) 11 (16 5 3 12)) (2 (1 6 21)) (22 24)) (2 20 (23 (8 24 10 5) (21 10 2) (16 19 10 1) (3 23 15 14)) (8 0 (24 4)) (3 (24 2 1 5 17) 21 (6 2 11) (10 21 24)))) (17 (23 (16 (14 1 18 1) (2 15 24 8 22) (21 3 24)))) (22 (8 (3 7 (23 19 16) (13 3) (13 21 11 13)) (8 (19 6)) (6 21 (1 2 15 20) (3 5 15 22) (5 3 6 9 19)))) (0 (16 (7 (17 3 20 7) (24 14) (13 19 6))) (8 (11 (17 21 2) (9 8 19) (3 11 12 21))) (1 (15 (0 20 7 2) (10 11 2 9 4) 8 24)))) 15))",
   "T2": "(225 (484 (49 49 (441 (25 (289 (0 4 144 529 225) 256 (196 484 361) (16 121 441 576)) (144 (576 121 144) 324 (25 100)))))) (0 (9 (36 (0 (36 (144 529) (441 25) (81 1 9) (289 4 289 256 441)) (4 225 (36 81) (529 144 441 64)) (144 (576 289 225 81) 441 36 (0 16 324 361)) (121 25)) (0 (576 (289 100 1) (441 256 144 169) 529) (64 529 (9 361 16 196) (324 144)) (225 (9 400) (25 1 121) (576 256)) 49) (361 (4 (576 36)) (16 25) (441 (324 576 484 36) (25 64 36) (64 1 121)) 289) (16 (169 (196 484 9 361) (144 25 100 484) (256 441 16 484) (25 16 484 121 16)) 1 (16 (169 400)) (441 (324 16) (324 441 100 64 256)))) (361 (441 256 (576 (64 81))) (4 (324 (121 0) 25) (81 (256 225) (36 49 0 1 289)) (529 (1 256 196) (9 81 9 529) (4 4 289 64)) (144 (400 256 100 64 9) (49 484 4 196 441) (25 196))) (100 (576 (16 16))) 196) (529 (289 (64 (196 576 529))) (441 (529 (25 169) (225 100 9 196 16) (400 0 225)) (225 (64 484 16) (0 529 9) (9 196 64) (144 484 9 144))) 196 81)) (169 (4 (225 (529 (16 0 256 0 484)) (324 (81 361 64) (324 400 144 400 36)) (121 0)) (196 (289 (36 400 16)) (289 (289 0) (81 484 529 169 0) (121 9 1 529 0) 9) (25 (400 289 16 441 9)) (4 81 (1 100 100 196))) (25 (16 (169 256 529 81 81) (25 81) (4 16 100 25)))) 529) (144 (361 (144 (324 (9 1 36 81) (81 4 144 4 324) (225 225) (529 81)) (144 (225 49 81 1 289) (1 441 36 484 256) (256 289 289 121) (25 16)) 9) (25 169)) (0 (4 (169 225) (36 (1 400 400 36 144)))) (484 (36 (225 1 (196 49 100 169 400) (225 324 4)) (25 (196 169) (289 1 324) (576 4 576 1 529) 100) (196 529)) (441 (400 (49 25 361) 25 (49 225 361)) (400 (81 400) (256 36) (9 144 529 0 225)))) (64 (256 (49 (256 16) (576 36 9 225 49)) 324 (0 (324 121) 121 0 484)))) 9) (441 (225 (361 (400 (400 (49 1) (400 144 289)) (576 (144 400 324 49)))) (441 (100 (0 (256 36 225 144 196) (169 361 0 256)) (225 (1 1 9 100 324) (9 400 484))) (16 (100 (256 576)) (289 (64 169 49 9 49) (441 256 529 64) 196)) (64 484) (64 (484 (441 121 144) (529 400 225 81 0)) (484 (196 4 0 121 361) (484 144 225)) 100 (81 (9 324) (441 484 324 64 441))))) (289 (1 (529 (25 (9 4) 16 (256 225) (100 4)) (0 (289 25 144) (529 0 36 529 324) (16 16 441 1 4)) (196 (225 4 49 361) (529 81) (256 324 81 1 4)) (64 (225 1 0 49))) (256 (256 (361 289 49 1) (4 361) 121 (256 25 9 144)) (4 (1 36 441)) (484 576)) (4 400 (529 (64 576 100 25) (441 100 4) (256 361 100 1) (9 529 225 196)) (64 0 (576 16)) (9 (576 4 1 25 289) 441 (36 4 121) (100 441 576)))) (289 (529 (256 (196 1 324 1) (4 225 576 64 484) (441 9 576)))) (484 (64 (9 49 (529 361 256) (169 9) (169 441 121 169)) (64 (361 36)) (36 441 (1 4 225 400) (9 25 225 484) (25 9 36 81 361)))) (0 (256 (49 (289 9 400 49) (576 196) (169 361 36))) (64 (121 (289 441 4) (81 64 361) (9 121 144 441))) (1 (225 (0 400 49 4) (100 121 4 81 16) 64 576)))) 225))",
   "func": "cuadrado"
  },
  "output": {
   "retval": true
  },
  "ucase": 40
 },
 {
  "datain": {
   "T1": "(0 (0 (4 14 12 (15 4))) (14 21 (1 20 (11 (8 (17 15 13 2 8) (2 4 21 23)) (22 (7 21 13 21 12))) (14 (0 (2 17 19) (7 22 10 17 11) (20 15 11 20) (21 14 16 9)) (24 24 (9 1)) (8 (17 21) (19 10) (1 17 9 23 8)) (11 (15 0) (4 15) (6 4)))) (20 (9 (18 (5 7 0 17 22) (20 21 20) 22)) (1 (9 19) (17 (3 22) (12 23 16 14) (17 24 6 18 22)) (0 9) 18) (16 (6 (11 2)) (19 (18 24)) 9))) (19 (10 (14 (24 (21 6 1 18 6) (7 3 10)) (20 (8 17 14) (19 6 18 21)) (19 (19 6 5 4 10) (6 5 13) (7 18 6 21))) 1 (23 5 (18 (5 14 8 14 6) (14 12) (7 5 10 0) 24) (14 (19 16 4 24 3) 13 (16 22 15 17 3) (0 11 4)))) (12 (2 (6 (10 2 16) (24 15))) 11 (15 (14 (11 7 2 17) 5 (5 6 3 11 2) 10)) (2 (0 (2 22 15 7) (16 10 16) (6 8 22) (14 16 1 22)) (2 17 (3 23 1 1 1) (18 0 18 3 4))))) (16 (13 23 (14 (18 (7 12) (14 24 21 10))))))",
   "T2": "(0 (0 (18 196 144 (225 16))) (196 441 (1 639 (187 (89 (301 225 169 8 64) (4 32 441 529)) (484 (49 815 169 562 144))) (196 (0 (4 289 361) (49 484 100 538 121) (400 225 121 455) (441 309 256 81)) (576 576 (81 1)) (64 (289 441) (361 100) (1 289 81 529 64)) (121 (225 0) (16 225) (41 16)))) (400 (81 (561 (25 94 0 289 833) (400 441 400) 484)) (1 (81 361) (289 (9 484) (144 529 256 196) (289 576 36 324 484)) (0 81) 444) (437 (36 (121 5)) (361 (324 576)) 81))) (361 (178 (196 (1115 (441 36 1 324 36) (49 9 100)) (400 (64 451 207) (361 68 501 441)) (361 (361 36 27 16 100) (70 25 169) (49 324 36 441))) 1 (529 37 (324 (25 196 64 211 36) (196 144) (49 25 100 0) 576) (196 (361 256 16 1088 9) 197 (256 964 225 289 9) (0 185 16)))) (144 (4 (36 (100 5 256) (576 225))) 125 (225 (196 (121 49 4 289) 25 (25 36 18 121 6) 100)) (4 (0 (4 484 237 49) (256 100 256) (36 64 484) (196 256 1 484)) (4 538 (9 529 1 1 1) (324 0 324 9 18))))) (256 (169 529 (196 (324 (49 144) (196 592 441 100))))))",
   "func": "cuadrado"
  },
  "output": {
   "retval": false
  },
  "ucase": 41
 },
 {
  "datain": {
   "T1": "(21 (20 (16 7 (19 (7 21 9 (6 7 (11 1 19 12) (11 0 7 7 20))) (5 (14 (19 8 15 4) (17 15 17 8 24))))) (4 (4 (17 (23 (3 1) (13 12 8 10 15) (17 22) (11 18 9 5)) (0 (0 20) (16 8 1 18)) 0 (21 (15 5 4) (6 0 8) (1 8))))) 17) (10 (7 (9 (10 (23 7 (3 15) (13 14 3 20 3)) 12) (12 (24 (23 9) 10 (20 10 12)) 11) 1 (13 (13 (10 20 9 8 21) (14 20 14 1)) (10 18 6 (13 8 3 10 13)))) (3 (0 (2 (1 7 1 8 19) (22 19)) (1 (5 15)) (12 (20 19) (9 13 13 15 6) (13 24 7))) (1 (16 (9 16) 20) (22 (10 15 24 22 20) 9) (24 (7 2 5 2) (12 14 7 23 21)) (20 (11 22 7 23) 6 (18 20 22))) (22 (9 (19 13 15) (17 7 10 1) (21 23 0 19 10) (7 24 18)) 17) (15 (5 (0 22 10 8 18) (13 15 4) 17) (20 (23 15 9)))) (14 (13 (20 (2 14) (7 21 17) 15) (19 (23 12 22 16 10) (6 6)) (19 (1 13 0 24 21) (2 19 14 19) (24 18 3 13 13) (8 11 8 14)) (0 (12 16 23 24 3) 24))) (23 (22 (24 23 0)) 22))) (21 (13 4) 14) (21 (16 (18 (9 (22 (17 18 18) (18 1) (24 20)) (0 (24 12 1) (5 18 16 18 12) 13) (0 (1 2 8 4) (23 4 21 24 3) 0 (15 23)) 1))) (0 19 (13 (17 17 (16 (5 16 21) 5 (20 1 24)) (20 (24 22 10) 3 (19 4))) (7 (5 (5 10 0) 3 (17 7 19))) (15 (3 (24 9 8)) (11 24 (14 18 12 5 9) (11 16 20) 4) (13 (20 2 21 22 16) (3 0 5) (1 8 9 8 1))) (23 (16 (19 20 8 13 6))))) (6 (10 (18 (7 (3 16) 24 (12 4 10 15) (16 16 16)) (24 (8 1))) (19 (13 11 (19 14 17 6 18) 14) (5 (14 13 4 15) (11 3 10) 9)) 8) (19 (7 13 (7 (19 13 18 15 24) 21 (8 4)) (4 (16 5 19 9) 5) 21) (21 7 (12 (22 0 19 22) 20 (16 0 12 24)))) (18 (15 (19 4 21) (16 (21 2)) 8 (2 (8 9) (5 5 5 3 1))) 1 8 (21 (23 (22 5 24 22) (4 23) (14 0) (22 6 14 23)) (24 (15 11 4) (5 6 14 9 0) 18) (24 (14 24 18) (16 6 5) (11 4 10 16)) (12 11 11))) (5 18 (22 (23 23 13) 1 (0 1 6 (23 20)) (10 17 (18 4)))))))",
   "T2": "(63 (60 (48 21 (57 (21 63 27 (18 21 (33 3 57 36) (33 0 21 21 60))) (15 (42 (57 24 45 12) (51 45 51 24 72))))) (12 (12 (51 (69 (9 3) (39 36 24 30 45) (51 66) (33 54 27 15)) (0 (0 60) (48 24 3 54)) 0 (63 (45 15 12) (18 0 24) (3 24))))) 51) (30 (21 (27 (30 (69 21 (9 45) (39 42 9 60 9)) 36) (36 (72 (69 27) 30 (60 30 36)) 33) 3 (39 (39 (30 60 27 24 63) (42 60 42 3)) (30 54 18 (39 24 9 30 39)))) (9 (0 (6 (3 21 3 24 57) (66 57)) (3 (15 45)) (36 (60 57) (27 39 39 45 18) (39 72 21))) (3 (48 (27 48) 60) (66 (30 45 72 66 60) 27) (72 (21 6 15 6) (36 42 21 69 63)) (60 (33 66 21 69) 18 (54 60 66))) (66 (27 (57 39 45) (51 21 30 3) (63 69 0 57 30) (21 72 54)) 51) (45 (15 (0 66 30 24 54) (39 45 12) 51) (60 (69 45 27)))) (42 (39 (60 (6 42) (21 63 51) 45) (57 (69 36 66 48 30) (18 18)) (57 (3 39 0 72 63) (6 57 42 57) (72 54 9 39 39) (24 33 24 42)) (0 (36 48 69 72 9) 72))) (69 (66 (72 69 0)) 66))) (63 (39 12) 42) (63 (48 (54 (27 (66 (51 54 54) (54 3) (72 60)) (0 (72 36 3) (15 54 48 54 36) 39) (0 (3 6 24 12) (69 12 63 72 9) 0 (45 69)) 3))) (0 57 (39 (51 51 (48 (15 48 63) 15 (60 3 72)) (60 (72 66 30) 9 (57 12))) (21 (15 (15 30 0) 9 (51 21 57))) (45 (9 (72 27 24)) (33 72 (42 54 36 15 27) (33 48 60) 12) (39 (60 6 63 66 48) (9 0 15) (3 24 27 24 3))) (69 (48 (57 60 24 39 18))))) (18 (30 (54 (21 (9 48) 72 (36 12 30 45) (48 48 48)) (72 (24 3))) (57 (39 33 (57 42 51 18 54) 42) (15 (42 39 12 45) (33 9 30) 27)) 24) (57 (21 39 (21 (57 39 54 45 72) 63 (24 12)) (12 (48 15 57 27) 15) 63) (63 21 (36 (66 0 57 66) 60 (48 0 36 72)))) (54 (45 (57 12 63) (48 (63 6)) 24 (6 (24 27) (15 15 15 9 3))) 3 24 (63 (69 (66 15 72 66) (12 69) (42 0) (66 18 42 69)) (72 (45 33 12) (15 18 42 27 0) 54) (72 (42 72 54) (48 18 15) (33 12 30 48)) (36 33 33))) (15 54 (66 (69 69 39) 3 (0 3 18 (69 60)) (30 51 (54 12)))))))",
   "func": "triple"
  },
  "output": {
   "retval": true
  },
  "ucase": 42
 },
 {
  "datain": {
   "T1": "(1 (5 (1 21) 4 (0 (16 (9 (22 (16 9 11 13 3) (10 14 4 20) (7 5)) (6 20) (3 (23 7 17 4 24) 9 (24 24 11 22) (20 8 2 24))) (22 14 (12 (6 19 20 20) 5 (22 1 1 10 1) (10 3 7)) 12 (20 18)) (15 (23 (3 20) (8 1 0 2) (11 21 21 18)) (6 (12 1 0 13) (22 4 8 1) (8 23 9))) (6 (14 (11 24) (20 14 10) (0 5 21 19 18) 15) (21 (22 4 23 1 12)) (2 (19 13 23 21) (1 4 17)) (22 (9 24 11 2)))) (12 17 (18 (10 (4 18) (10 23 7 20) 2 22) 17) (21 (11 (20 24 17)) 23 (0 (24 14 9 17 10) 0))) (16 16 (16 (6 (3 24 6 20 17) (22 14 8) (22 22 11 12) (15 14 19 18 9)) (14 (12 15 3 7 8) (16 9 7) (12 6 11 6 17) (4 21 18 9 8)) (17 (1 14 6 0 21) (24 6 4 9 16))) 1) 21)))",
   "T2": "(0 (4 (0 20) 3 (-1 (15 (8 (21 (15 8 10 12 2) (9 13 3 19) (6 4)) (5 19) (2 (22 6 16 3 23) 8 (23 23 10 21) (19 7 1 23))) (21 13 (11 (5 18 19 19) 4 (21 0 0 9 0) (9 2 6)) 11 (19 17)) (14 (22 (2 19) (7 0 -1 1) (10 20 20 17)) (5 (11 0 -1 12) (21 3 7 0) (7 22 8))) (5 (13 (10 23) (19 13 9) (-1 4 20 18 17) 14) (20 (21 3 22 0 11)) (1 (18 12 22 20) (0 3 16)) (21 (8 23 10 1)))) (11 16 (17 (9 (3 17) (9 22 6 19) 1 21) 16) (20 (10 (19 23 16)) 22 (-1 (23 13 8 16 9) -1))) (15 15 (15 (5 (2 23 5 19 16) (21 13 7) (21 21 10 11) (14 13 18 17 8)) (13 (11 14 2 6 7) (15 8 6) (11 5 10 5 16) (3 20 17 8 7)) (16 (0 13 5 -1 20) (23 5 3 8 15))) 0) 20)))",
   "func": "menos_uno"
  },
  "output": {
   "retval": true
  },
  "ucase": 43
 },
 {
  "datain": {
   "T1": "6",
   "T2": "10",
   "func": "menos_uno"
  },
  "output": {
   "retval": false
  },
  "ucase": 44
 },
 {
  "datain": {
   "T1": "(23 (11 13 8) (7 (13 (20 (13 (2 3 19) (5 18) 23 (1 2 0 23 6)) (9 11 (2 8) (12 19 11)) 7))))",
   "T2": "(24 (12 14 9) (8 (14 (21 (14 (3 4 20) (6 19) 24 (2 3 1 24 7)) (10 (7 10) 12 (3 9 2) (13 3 4 20 12)) (1 (10 1 14)) 8))))",
   "func": "mas_uno"
  },
  "output": {
   "retval": false
  },
  "ucase": 45
 },
 {
  "datain": {
   "T1": "(13 (4 (8 2 (14 (1 (11 24) (15 18 15 16 3)) (13 (7 18 2 16 24) (20 12 14 8)) (14 (18 20) (24 1 10 15)) (0 (3 20 23 5))) (8 6) (13 (19 8 (7 7 17 18 7) 20) (3 (16 23 7 11) (9 19)) (17 14 (1 0 16 10)))) 24 (18 (1 (14 (4 15 17) 24 (13 3 2)) (19 (6 0) 6 (4 16) (9 16)) 14 (22 (20 21 4 12) (19 8 3 6 9) (16 7 19))) (20 17)) 11) (4 (7 5 (22 15 (10 (14 0 11) (22 7 20 7) (3 19 16 23 13) 14)))))",
   "T2": "(39 (12 (24 6 (42 (3 (33 140) (45 54 45 48 9)) (39 (21 54 6 48 72) (83 36 42 24)) (42 (54 60) (72 3 30 72)) (0 (9 60 69 15))) (24 18) (39 (57 24 (32 26 59 54 21) 81) (9 (48 69 21 33) (38 57)) (51 42 (3 0 48 30)))) 101 (54 (3 (42 (12 45 51) 97 (39 9 6)) (57 (18 0) 18 (12 48) (45 48)) 78 (91 (60 63 12 36) (57 24 9 18 27) (48 35 57))) (66 56)) 33) (12 (21 15 (66 45 (30 (42 0 51) (87 21 91 21) (9 57 48 76 39) 42)))))",
   "func": "triple"
  },
  "output": {
   "retval": false
  },
  "ucase": 46
 },
 {
  "datain": {
   "T1": "12",
   "T2": "11",
   "func": "menos_uno"
  },
  "output": {
   "retval": true
  },
  "ucase": 47
 },
 {
  "datain": {
   "T1": "(5 (16 2) (24 (17 8 (16 (9 (20 4 12 (9 11)) (19 6 (9 11 20 13 3) (9 7) 14) (24 6 (18 16 18 2 10))) (3 (24 (1 2 24 11 17) (17 22) (11 9 3 3) (0 12 12 9))) 3) (21 (3 2 2))) (8 (14 (17 (10 (4 14 10 24) (11 20 5) 4) (17 16 3 (6 22))) (11 (1 (5 6 24 2 5) 17) (24 (8 15 23 9 15) (17 19) (23 8 5 7 0)) (7 11))) (2 (23 (24 (3 4 20 19 20) (24 7 16 23 23) (9 16 14 20))) (4 (19 (7 6 4) (7 9 4 19) (3 23 19) 15) (6 (24 12 0)) (1 9 22)) (24 (19 2 (10 11 11)) (5 (5 16 5 3) (10 0 22 18 12) (19 21 7 0)) (20 (1 8)) (13 (6 1)))) (19 3 (15 19 (24 (16 22 20 17) (7 0 16) (5 6 15 8) (18 23 19 21))) (5 (9 (15 16 18) 17 4))))) (23 (0 5 (20 (9 (3 6 (16 12 19) (14 0 0 4)) (23 (12 22 1 4)) 24 (23 20)) (24 21 (17 (19 19 2 10 18) (5 15 1 17 13) (9 12 6 9 3) (18 13 18 19)) (23 (14 19) (24 11)) (11 (3 15) (18 21 21) (7 6 9 20)))))) (7 (1 (15 (4 (14 (2 13 21) (19 21 16 9) (10 10 8 12 13) 5) (19 (14 0 0) (19 9 8 21 0) 15 (5 23 18 0))) (6 19 (6 (7 0) (4 2 19 12) (19 15 10)) (4 (2 4 12 11 18) (20 2 14 14) (24 2 20) (17 1)) (22 (15 15 7) (16 10 18 24 21) (7 1 1) (0 14))) (11 (11 (13 5 22 5 18) (4 17 18 14) 9 (4 4)) 4) 4)) (11 (16 (14 (10 (23 8) (17 5 1 1 8) 8) (24 (10 22 7 16) (12 21 15) (1 2 7 22 22))) 3 (22 20)) (8 (2 (2 18 (24 23 3 14 0))) (16 (18 (6 9 11 3 11) (8 18 16) (3 11) (24 9 17 2)) (10 (10 2 5 17 5) (5 22 15) (23 9)))) (23 (16 (16 (21 24 7 5 24) (7 12)) 6 (21 (23 24 21 17 11)) (5 4)) (18 (11 (3 20 13)) (0 (4 0 23) 5 (3 20 20 17 23) (6 4 5)) (13 (1 11 20 15)))))))",
   "T2": "(4 (15 1) (22 (-1 (19 (8 (2 5 (15 11 18) (13 -1 3)) (22 (11 21 0 3)) 23 (22 19)) (23 20 (16 (18 18 1 9 17) (4 14 0 16 12) (8 11 5 8 2) (17 12 17 18)) (10 (2 14) (17 20 20) (6 5 8 19)))))) (6 (0 (14 (3 (18 (13 -1) (18 8 7 20 -1) 14 (4 22 -1))) (10 (10 (12 4 4) (3 16 17 13) 8 (3 3)) 3) 3)) (10 (15 (13 (9 (22 7) (16 4 0 0 7)) (23 (9 21 15) (11 20 14) (0 1 6 21))) 2 (21 19)) (7 (1 (1 17 (23 22 2 13 -1))) (15 (17 (5 8 10 2 10) (7 17 15) (2 10) (23 8 16 1)))) (22 (15 (15 (20 6 4 23) (6 11)) 5 (20 (22 23 16 10)) (4 3)) (17 (10 (2 19 12)) (-1 (3 -1 22) (2 19 16 22) (5 3 4)))))))",
   "func": "menos_uno"
  },
  "output": {
   "retval": false
  },
  "ucase": 48
 },
 {
  "datain": {
   "T1": "(14 (17 (20 (16 (24 24 4 15)))) (12 6 (13 (7 (14 16) (18 12 24 11) (8 8)) (6 (18 21 8 0 12) (0 2 16 7 4)))) (14 23))",
   "T2": "(196 (289 (400 (256 (576 576 16 225)))) (144 36 (169 (36 (324 64 0 144) (0 4 256 49 16)))) (196 529))",
   "func": "cuadrado"
  },
  "output": {
   "retval": false
  },
  "ucase": 49
 },
 {
  "datain": {
   "T1": "22",
   "T2": "-22",
   "func": "opuesto"
  },
  "output": {
   "retval": true
  },
  "ucase": 50
 },
 {
  "datain": {
   "T1": "(17 14 (12 1 (15 (14 12 14))))",
   "T2": "(16 (13 (9 (15 (9 (-1 (-1 8 9) (1 8 2 17) 13 (6 6 3)) 21 (2 (0 5 -1 15 3) (18 18 -1 14)) (11 (16 23 12) (16 8 0 20))) (19 (0 (20 1 14 2))) 1 (7 (16 6 (23 10 4 17) (20 8) (6 0 19 4)) 4 (4 (6 20 0 20 4)) 12)))) (11 0 (14 (21 (7 18) (13 (8 (21 3 15 20 21) 19 (3 14) (12 3 4 23 -1)) (5 (23 0 10 12) 11 (19 22)) (22 (19 22) (15 23)) (9 (3 23 6 9 0) (14 15 16) (2 14 5 4 18))) (14 -1 (-1 1 (11 16 3 22 8) 17) (10 (7 0 2 -1) 18 (11 17 5) (19 16)) 14) (5 (6 (9 17 0) (7 20 14 11)) (18 (-1 16 -1) (2 3) (0 5 9 12 14) (19 3 12)) 11)) (13 11 13))) (4 (10 (17 (10 (20 (16 9)) (17 (8 9 16) (-1 9 0 22) (13 19 22 9 14)) 17) (-1 (17 (8 3 13 14) 20 (6 11 17)) 2 4 (23 (8 22 4 23) (20 12 19) (8 23 6) (23 2 7 20 13))) (-1 2 (-1 15 (11 8 9 17) (14 23 23 4 10)) (18 (2 8 21 -1)) (5 (13 5 16 8) (15 2) (7 11 3 18 16) (4 13)))) (14 (2 (14 (22 9 14 23 10) (8 8 5 17 9) (12 10 8 1) 0)) (10 (21 (16 20 2 20 20) (15 3)) 23)) (11 (-1 (17 (4 18 6) (0 14 2) (17 13 0 9) 22)) (19 (23 (9 6 18 1) (7 17 15 11) (11 -1 23) 17) (20 (21 4 8 7) 4 (8 17 2)) (18 (17 15) 7) (-1 (17 11 1) 13)) (21 (9 22 (22 -1 22) (4 2)) (15 (8 -1 14 16 2) (22 1) (3 8 1 3)) (0 (19 10 6 10) (5 10 18 2 6) (20 21)))))))",
   "func": "menos_uno"
  },
  "output": {
   "retval": false
  },
  "ucase": 51
 },
 {
  "datain": {
   "T1": "(16 13)",
   "T2": "(-16 -13)",
   "func": "opuesto"
  },
  "output": {
   "retval": true
  },
  "ucase": 52
 },
 {
  "datain": {
   "T1": "17",
   "T2": "-17",
   "func": "opuesto"
  },
  "output": {
   "retval": true
  },
  "ucase": 53
 },
 {
  "datain": {
   "T1": "11",
   "T2": "-11",
   "func": "opuesto"
  },
  "output": {
   "retval": true
  },
  "ucase": 54
 },
 {
  "datain": {
   "T1": "(24 15 (13 17))",
   "T2": "(576 225 (169 289))",
   "func": "cuadrado"
  },
  "output": {
   "retval": true
  },
  "ucase": 55
 },
 {
  "datain": {
   "T1": "20",
   "T2": "40",
   "func": "doble"
  },
  "output": {
   "retval": true
  },
  "ucase": 56
 },
 {
  "datain": {
   "T1": "(4 (12 (24 (11 (22 12 (15 22 16 23 15) (22 22 22 22) (8 22)) (23 (10 16)) (20 (21 9 14 2) (11 1 6 22) (17 18 0 20))) (20 (13 (21 12) (15 19 19 0) (19 4) (16 18 19 1))))) (13 8 18))",
   "T2": "(12 (36 (72 (33 (66 36 (45 66 48 69 45) (66 66 66 66) (24 66)) (69 (30 48)) (60 (63 27 42 6) (33 3 18 66) (51 54 0 60))) (60 (39 (63 36) (45 57 57 0) (57 12) (48 54 57 3))))) (39 24 54))",
   "func": "triple"
  },
  "output": {
   "retval": true
  },
  "ucase": 57
 },
 {
  "datain": {
   "T1": "(10 (13 (13 (6 (10 (4 17 17 0 11)) 5 (0 4) (6 (6 22 14) (15 10 13 12) (13 17 23 23 11))) (14 (22 (12 5) (9 10) 11) 6 (19 (14 3 4 1 3)))) (23 (6 (18 3 (15 7 10)) (12 (1 21 3 14 7) (5 18 19 4 22) (0 21) (14 4)) (16 (1 22 17) (17 2 12))) (10 7 (19 (3 16) (12 24 2))) (17 (5 10 (20 18 4)) (12 (19 11 18) 20) (3 23 (21 16 12 19) (9 20 7 17 24)) (7 (14 6 8)))) 0) (6 (16 (9 14 (16 (11 16) (5 15 4))) (16 22 (6 24 (19 11 3) 15) (4 (24 14 11) 2 (7 7 1 23 6))) (7 (2 9 (23 4 2)) (13 (24 16 4) (19 9) (16 1) (0 22 22 10)) 13 (8 (6 19))) (14 2 (21 21)))))",
   "T2": "(30 (12 (36 (45 0 (51 (57 27)) (0 (18 24 33 60)) (60 36 (18 6 63 63) (24 72))) (24 (3 66 (12 42) (27 54)) 48 (24 (18 51)) (72 (33 21) (72 27 3) (9 39 72))) (21 (42 (24 15 39 69)) (21 (45 66) (0 51)) 18)) (63 (0 (57 (69 12 36) (57 45 24 39 54) 30) (60 (39 45 48) (39 15 69))))) (39 (39 (18 (30 (12 51 51 0 33)) 15 (0 12) (18 (18 66 42) (45 30 27 39 36) (39 51 69 69 33) 45)) (42 (66 (36 69 15) (27 30) (33 51)) 18 (33 (15 3 30 18 3) (63 51) (42 42) (12 54 21 63)) (57 (42 9 12 3 9)))) (69 (18 (54 9 (45 21 30) 57) (36 (3 63 9 42 21) (15 54 57 12 66) (0 51 63) (42 12 12)) (48 (3 66 51) (51 6 36))) (30 21 (57 (9 48) (36 72 6))) (51 (15 (30 6 36) (6 33 48 69) (60 54 12)) (36 (57 33 54) 60) (9 (18 36) 69 (63 48 36 57 39) (27 60 21 51 72)) (21 (42 0 6) (42 18 24)))) 0 57) (18 (48 (27 42 (48 (33 48) (15 45 12))) (48 (24 (66 24 24) (27 60)) (66 (42 15 27)) (18 (72 63) (57 33 9) 45) (12 (72 42 33) 6 (21 21 3 69 18))) (21 (6 27 (69 12 6 21)) (39 (72 48 12) (57 27) (48 3) (0 66 66 30)) 39 (24 (18 57) (63 27 48 51))) (42 (6 (51 9 60 60 24) (48 48 24 63)) 6 (63 63)))))",
   "func": "triple"
  },
  "output": {
   "retval": false
  },
  "ucase": 58
 },
 {
  "datain": {
   "T1": "(11 (8 (4 (12 (3 (12 (13 2 4 12) (14 2 6)) (13 24 (6 13 16)) (18 (23 9 5) (23 15 15 16 23)) (8 (9 6 8 6) (16 6 0) (5 8 11 5 23) (11 19 4))) 17) 19) 12 13))",
   "T2": "(22 (16 (8 (24 (6 (24 (26 4 8 24) (28 4 12)) (26 48 (12 26 32)) (36 (46 18 10) (46 30 30 32 46)) (16 (18 12 16 12) (32 12 0) (10 16 22 10 46) (22 38 8))) 34) 38) 24 26))",
   "func": "doble"
  },
  "output": {
   "retval": true
  },
  "ucase": 59
 }
]
